#
# A fatal error has been detected by the Java Runtime Environment:
#
#  EXCEPTION_ACCESS_VIOLATION (0xc0000005) at pc=0x000002500756398c, pid=13812, tid=27264
#
# JRE version: Java(TM) SE Runtime Environment (17.0.12+8) (build 17.0.12+8-LTS-286)
# Java VM: Java HotSpot(TM) 64-Bit Server VM (17.0.12+8-LTS-286, mixed mode, sharing, tiered, compressed oops, compressed class ptrs, g1 gc, windows-amd64)
# Problematic frame:
# v  ~StubRoutines::jbyte_disjoint_arraycopy
#
# No core dump will be written. Minidumps are not enabled by default on client versions of Windows
#
# If you would like to submit a bug report, please visit:
#   https://bugreport.java.com/bugreport/crash.jsp
#

---------------  S U M M A R Y ------------

Command Line: -Xmx1g -XX:+IgnoreUnrecognizedVMOptions --add-modules=jdk.incubator.vector --add-opens=java.base/java.lang=ALL-UNNAMED --add-opens=java.base/java.lang.invoke=ALL-UNNAMED --add-opens=java.base/java.lang.reflect=ALL-UNNAMED --add-opens=java.base/java.io=ALL-UNNAMED --add-opens=java.base/java.net=ALL-UNNAMED --add-opens=java.base/java.nio=ALL-UNNAMED --add-opens=java.base/java.util=ALL-UNNAMED --add-opens=java.base/java.util.concurrent=ALL-UNNAMED --add-opens=java.base/java.util.concurrent.atomic=ALL-UNNAMED --add-opens=java.base/jdk.internal.ref=ALL-UNNAMED --add-opens=java.base/sun.nio.ch=ALL-UNNAMED --add-opens=java.base/sun.nio.cs=ALL-UNNAMED --add-opens=java.base/sun.security.action=ALL-UNNAMED --add-opens=java.base/sun.util.calendar=ALL-UNNAMED --add-opens=java.security.jgss/sun.security.krb5=ALL-UNNAMED -Dio.netty.tryReflectionSetAccessible=true -Dio.netty.allocator.type=pooled -Dio.netty.handler.ssl.defaultEndpointVerificationAlgorithm=NONE --sun-misc-unsafe-memory-access=allow --enable-native-access=ALL-UNNAMED -Dderby.connection.requireAuthentication=false org.apache.spark.deploy.SparkSubmit --conf spark.app.name=NetworkActivityIngestion pyspark-shell

Host: Intel(R) Core(TM) Ultra 7 255U, 14 cores, 15G,  Windows 11 , 64 bit Build 26100 (10.0.26100.9168)
Time: Mon Aug 31 15:37:46 2026 India Standard Time elapsed time: 106.506666 seconds (0d 0h 1m 46s)

---------------  T H R E A D  ---------------

Current thread (0x00000250615b7470):  JavaThread "read-ahead" daemon [_thread_in_Java, id=27264, stack(0x000000d48d100000,0x000000d48d200000)]

Stack: [0x000000d48d100000,0x000000d48d200000],  sp=0x000000d48d1ff280,  free space=1020k
Native frames: (J=compiled Java code, j=interpreted, Vv=VM code, C=native code)
C  0x000002500756398c


siginfo: EXCEPTION_ACCESS_VIOLATION (0xc0000005), reading address 0x000002506adc4313


Registers:
RAX=0x000002506adc4328, RBX=0x00000000ff96ee08, RCX=0x0000000000000015, RDX=0xfffffffffffffffe
RSP=0x000000d48d1ff280, RBP=0x000000d48d1ff280, RSI=0x00000000fa846cc0, RDI=0x000002506adc431b
R8 =0x0000000000000015, R9 =0x0000000000000015, R10=0x000000000000d2e8, R11=0x00000000fa846ca8
R12=0x0000000000000000, R13=0x0000000000000020, R14=0x000000d48d1ff310, R15=0x00000250615b7470
RIP=0x000002500756398c, EFLAGS=0x0000000000010293


Register to memory mapping:

RIP=0x000002500756398c is at begin+44 in a stub
StubRoutines::jbyte_disjoint_arraycopy [0x0000025007563960, 0x0000025007563a2b] (203 bytes)
RAX=0x000002506adc4328 is an unknown value
RBX=0x00000000ff96ee08 is an oop: java.nio.DirectByteBuffer 
{0x00000000ff96ee08} - klass: 'java/nio/DirectByteBuffer'
 - ---- fields (total size 8 words):
 - private 'mark' 'I' @12  -1 (ffffffff)
 - 'address' 'J' @16  2544413405248 (6adb7040 250)
 - private 'position' 'I' @24  53971 (d2d3)
 - private 'limit' 'I' @28  1048576 (100000)
 - private 'capacity' 'I' @32  1048576 (100000)
 - final 'segment' 'Ljdk/internal/access/foreign/MemorySegmentProxy;' @36  NULL (0)
 - final 'offset' 'I' @40  0
 - 'isReadOnly' 'Z' @44  false
 - 'bigEndian' 'Z' @45  true
 - 'nativeByteOrder' 'Z' @46  false
 - final 'hb' '[B' @48  NULL (0)
 - private final 'isSync' 'Z' @47  false
 - private final 'fd' 'Ljava/io/FileDescriptor;' @52  NULL (0)
 - private final 'att' 'Ljava/lang/Object;' @56  NULL (0)
 - private final 'cleaner' 'Ljdk/internal/ref/Cleaner;' @60  a 'jdk/internal/ref/Cleaner'{0x00000000ff96ee78} (ff96ee78)
RCX=0x0000000000000015 is an unknown value
RDX=0xfffffffffffffffe is an unknown value
RSP=0x000000d48d1ff280 is pointing into the stack for thread: 0x00000250615b7470
RBP=0x000000d48d1ff280 is pointing into the stack for thread: 0x00000250615b7470
RSI=0x00000000fa846cc0 is pointing into object: [B 
{0x00000000fa846ca8} - klass: {type array byte}
 - length: 5787
RDI=0x000002506adc431b is an unknown value
R8 =0x0000000000000015 is an unknown value
R9 =0x0000000000000015 is an unknown value
R10=0x000000000000d2e8 is an unknown value
R11=0x00000000fa846ca8 is an oop: [B 
{0x00000000fa846ca8} - klass: {type array byte}
 - length: 5787
R12=0x0 is NULL
R13=0x0000000000000020 is an unknown value
R14=0x000000d48d1ff310 is pointing into the stack for thread: 0x00000250615b7470
R15=0x00000250615b7470 is a thread


Top of Stack: (sp=0x000000d48d1ff280)
0x000000d48d1ff280:   000002506adb7040 000002500869220e
0x000000d48d1ff290:   000000d48d1ff320 0000000000000000
0x000000d48d1ff2a0:   0000000000008000 00000250081103a5
0x000000d48d1ff2b0:   000000d48d1ff380 0000025008111d83
0x000000d48d1ff2c0:   000000158d1ff300 00000000ff96edb0
0x000000d48d1ff2d0:   0000000000000000 000000000000169b
0x000000d48d1ff2e0:   0000000000000000 00000000fa83dd70
0x000000d48d1ff2f0:   0000000000000001 00000000fa846ca8
0x000000d48d1ff300:   00000000fa83dd70 0000000000000000
0x000000d48d1ff310:   0000000000000003 0000000000000000
0x000000d48d1ff320:   00000000ff96f540 000002500879c95c
0x000000d48d1ff330:   000000d400000000 0000025000008000
0x000000d48d1ff340:   0000000000000002 0000000000000002
0x000000d48d1ff350:   00000000fa846ca8 00000000fa846ca8
0x000000d48d1ff360:   00000000ff96f4f0 00000000fa846ca8
0x000000d48d1ff370:   00000250615b7470 00000000ff96f5b8 

Instructions: (pc=0x000002500756398c)
0x000002500756388c:   01 00 00 00 00 00 00 00 01 00 00 00 00 00 00 00
0x000002500756389c:   01 00 00 00 00 00 00 00 00 00 00 80 00 00 00 00
0x00000250075638ac:   00 00 00 80 00 00 00 00 00 00 00 80 00 00 00 00
0x00000250075638bc:   00 00 00 80 00 00 00 00 00 00 00 80 00 00 00 00
0x00000250075638cc:   00 00 00 80 00 00 00 00 00 00 00 80 00 00 00 00
0x00000250075638dc:   00 00 00 80 00 01 02 03 04 05 06 07 08 09 0a 0b
0x00000250075638ec:   0c 0d 0e 0f 10 11 12 13 14 15 16 17 18 19 1a 1b
0x00000250075638fc:   1c 1d 1e 1f 20 21 22 23 24 25 26 27 28 29 2a 2b
0x000002500756390c:   2c 2d 2e 2f 30 31 32 33 34 35 36 37 38 39 3a 3b
0x000002500756391c:   3c 3d 3e 3f 55 48 8b ec 66 0f ae 31 c9 c3 66 66
0x000002500756392c:   66 0f 1f 84 00 00 00 00 00 66 66 66 90 0f 1f 80
0x000002500756393c:   00 00 00 00 55 48 8b ec 83 f9 00 0f 85 03 00 00
0x000002500756394c:   00 0f ae f8 c9 c3 66 66 0f 1f 84 00 00 00 00 00
0x000002500756395c:   66 66 66 90 55 48 8b ec 4c 8b cf 4c 8b d6 48 8b
0x000002500756396c:   f9 48 8b f2 49 8b d0 48 8b ca 48 c1 ea 03 48 8d
0x000002500756397c:   7c d7 f8 48 8d 74 d6 f8 48 f7 da e9 6c 00 00 00
0x000002500756398c:   48 8b 44 d7 08 48 89 44 d6 08 48 ff c2 75 f1 f6
0x000002500756399c:   c1 04 74 0e 8b 47 08 89 46 08 48 83 c7 04 48 83
0x00000250075639ac:   c6 04 f6 c1 02 74 10 66 8b 47 08 66 89 46 08 48
0x00000250075639bc:   83 c7 02 48 83 c6 02 f6 c1 01 74 06 8a 47 08 88
0x00000250075639cc:   46 08 49 8b f9 49 8b f2 48 33 c0 c5 f8 77 c9 c3
0x00000250075639dc:   0f 1f 40 00 c5 fe 6f 44 d7 c8 c5 fe 7f 44 d6 c8
0x00000250075639ec:   c5 fe 6f 4c d7 e8 c5 fe 7f 4c d6 e8 48 83 c2 08
0x00000250075639fc:   7e e2 48 83 ea 04 7f 10 c5 fe 6f 44 d7 e8 c5 fe
0x0000025007563a0c:   7f 44 d6 e8 48 83 c2 04 c5 fd ef c0 c5 f5 ef c9
0x0000025007563a1c:   48 83 ea 04 0f 8c 66 ff ff ff e9 70 ff ff ff 66
0x0000025007563a2c:   66 66 0f 1f 84 00 00 00 00 00 66 66 66 90 66 0f
0x0000025007563a3c:   1f 44 00 00 55 48 8b ec 48 3b d1 4a 8d 04 01 0f
0x0000025007563a4c:   86 13 ff ff ff 48 3b d0 0f 83 0a ff ff ff 4c 8b
0x0000025007563a5c:   cf 4c 8b d6 48 8b f9 48 8b f2 49 8b d0 48 8b ca
0x0000025007563a6c:   48 c1 ea 03 f6 c1 01 0f 84 0b 00 00 00 8a 44 0f
0x0000025007563a7c:   ff 88 44 0e ff 48 ff c9 f6 c1 02 0f 84 0a 00 00 


Stack slot to memory mapping:
stack at sp + 0 slots: 0x000002506adb7040 is an unknown value
stack at sp + 1 slots: 0x000002500869220e is at entry_point+686 in (nmethod*)0x0000025008691d90
Compiled method (c2)  106573 22377  s    4       org.apache.spark.io.NioBufferedFileInputStream::read (64 bytes)
 total in heap  [0x0000025008691d90,0x0000025008692f30] = 4512
 relocation     [0x0000025008691ee8,0x0000025008691f58] = 112
 main code      [0x0000025008691f60,0x0000025008692740] = 2016
 stub code      [0x0000025008692740,0x0000025008692778] = 56
 oops           [0x0000025008692778,0x0000025008692790] = 24
 metadata       [0x0000025008692790,0x0000025008692870] = 224
 scopes data    [0x0000025008692870,0x0000025008692d00] = 1168
 scopes pcs     [0x0000025008692d00,0x0000025008692ec0] = 448
 dependencies   [0x0000025008692ec0,0x0000025008692ed8] = 24
 handler table  [0x0000025008692ed8,0x0000025008692f08] = 48
 nul chk table  [0x0000025008692f08,0x0000025008692f30] = 40
stack at sp + 2 slots: 0x000000d48d1ff320 is pointing into the stack for thread: 0x00000250615b7470
stack at sp + 3 slots: 0x0 is NULL
stack at sp + 4 slots: 0x0000000000008000 is an unknown value
stack at sp + 5 slots: 0x00000250081103a5 is at entry_point+261 in (nmethod*)0x0000025008110110
Compiled method (n/a)  106577 11462     n 0       net.jpountz.xxhash.XXHashJNI::XXH32_update (native)
 total in heap  [0x0000025008110110,0x00000250081104e0] = 976
 relocation     [0x0000025008110268,0x0000025008110298] = 48
 main code      [0x00000250081102a0,0x00000250081104d8] = 568
 oops           [0x00000250081104d8,0x00000250081104e0] = 8
stack at sp + 6 slots: 0x000000d48d1ff380 is pointing into the stack for thread: 0x00000250615b7470
stack at sp + 7 slots: 0x0000025008111d83 is at entry_point+227 in (nmethod*)0x0000025008111b10
Compiled method (n/a)  106577 11488     n 0       net.jpountz.xxhash.XXHashJNI::XXH32_digest (native)
 total in heap  [0x0000025008111b10,0x0000025008111ed8] = 968
 relocation     [0x0000025008111c68,0x0000025008111c98] = 48
 main code      [0x0000025008111ca0,0x0000025008111ed0] = 560
 oops           [0x0000025008111ed0,0x0000025008111ed8] = 8

StubRoutines::jbyte_disjoint_arraycopy [0x0000025007563960, 0x0000025007563a2b] (203 bytes)
[MachCode]
  0x0000025007563960: 5548 8bec | 4c8b cf4c | 8bd6 488b | f948 8bf2 | 498b d048 | 8bca 48c1 | ea03 488d | 7cd7 f848 
  0x0000025007563980: 8d74 d6f8 | 48f7 dae9 | 6c00 0000 | 488b 44d7 | 0848 8944 | d608 48ff | c275 f1f6 | c104 740e 
  0x00000250075639a0: 8b47 0889 | 4608 4883 | c704 4883 | c604 f6c1 | 0274 1066 | 8b47 0866 | 8946 0848 | 83c7 0248 
  0x00000250075639c0: 83c6 02f6 | c101 7406 | 8a47 0888 | 4608 498b | f949 8bf2 | 4833 c0c5 | f877 c9c3 | 0f1f 4000 
  0x00000250075639e0: c5fe 6f44 | d7c8 c5fe | 7f44 d6c8 | c5fe 6f4c | d7e8 c5fe | 7f4c d6e8 | 4883 c208 | 7ee2 4883 
  0x0000025007563a00: ea04 7f10 | c5fe 6f44 | d7e8 c5fe | 7f44 d6e8 | 4883 c204 | c5fd efc0 | c5f5 efc9 | 4883 ea04 
  0x0000025007563a20: 0f8c 66ff | ffff e970 | 
[/MachCode]

---------------  P R O C E S S  ---------------

Threads class SMR info:
_java_thread_list=0x0000025061a6ac10, length=308, elements={
0x00000250754559d0, 0x000002507fabc7c0, 0x000002507fabd090, 0x000002507fad5060,
0x000002507fad5930, 0x000002507fad78e0, 0x000002507fadcd90, 0x000002507fae6f30,
0x000002507faea7d0, 0x000002507faf7460, 0x0000025011a1cb50, 0x0000025011a69670,
0x00000250598d9c70, 0x0000025059b1d910, 0x000002505a01f080, 0x000002505a022320,
0x000002505a01f590, 0x000002505a022830, 0x000002505a0209d0, 0x000002505a0213f0,
0x000002505a01faa0, 0x000002505a01ffb0, 0x000002505a0204c0, 0x000002505a020ee0,
0x0000025059debf50, 0x0000025059deab10, 0x0000025059de91c0, 0x0000025059deba40,
0x0000025059dea0f0, 0x0000025059dea600, 0x0000025059de96d0, 0x0000025059de87a0,
0x0000025059dec460, 0x0000025059de8cb0, 0x0000025059deb020, 0x0000025059dec970,
0x0000025059dece80, 0x0000025059deb530, 0x0000025059ded390, 0x0000025059ded8a0,
0x0000025059deddb0, 0x0000025059df0120, 0x0000025059bd61c0, 0x0000025059bd3e50,
0x0000025059bd6be0, 0x0000025059bd3940, 0x0000025059bd7600, 0x0000025059bd8020,
0x0000025059bd4870, 0x0000025059bd8530, 0x0000025059bd4d80, 0x0000025059bd8a40,
0x0000025059bd5290, 0x000002505a73c510, 0x000002505a7401d0, 0x000002505a73cf30,
0x000002505a743e90, 0x000002505a740bf0, 0x000002505a742540, 0x000002505a741100,
0x000002505a743470, 0x000002505a741610, 0x000002505a741b20, 0x000002505a743980,
0x000002505a742030, 0x000002505a742a50, 0x000002505a742f60, 0x000002505a1faec0,
0x000002505a1fa4a0, 0x000002505b130190, 0x000002505a1f9f90, 0x0000025057eed740,
0x000002505b1306a0, 0x000002505b131c90, 0x000002505c8ac960, 0x00000250591a2060,
0x0000025057eec810, 0x0000025057eedc50, 0x000002505b12fc80, 0x000002505b9725d0,
0x000002505b972ae0, 0x000002505c582f20, 0x000002505c8ad380, 0x000002505b130bb0,
0x000002505a1fb3d0, 0x000002505a1fb8e0, 0x000002505b1310c0, 0x000002505c4002c0,
0x00000250616d06d0, 0x000002505b12f770, 0x000002505c8ac450, 0x00000250621f24b0,
0x000002505a1fc810, 0x000002505a1f9570, 0x000002505a1fcd20, 0x000002505a1f9a80,
0x000002505b1321a0, 0x000002505b8e01a0, 0x000002505a1fe670, 0x000002505a1feb80,
0x000002505941bda0, 0x00000250583ec140, 0x000002505b93e0b0, 0x000002505b93dba0,
0x0000025061aae7d0, 0x00000250628ea850, 0x0000025061124550, 0x0000025061b21df0,
0x000002505b1330d0, 0x0000025011a02c50, 0x000002505873c050, 0x0000025011a02230,
0x0000025061b209b0, 0x000002505bd8c8e0, 0x00000250615b6030, 0x0000025061aaf1f0,
0x0000025061097040, 0x000002505873ac10, 0x000002506180bc10, 0x0000025061b1ff90,
0x0000025061b22810, 0x0000025061123620, 0x0000025061ab0120, 0x000002505b8df270,
0x0000025061aad8a0, 0x0000025061549c50, 0x000002505873a700, 0x000002505c57a1e0,
0x00000250597d2210, 0x00000250591e2460, 0x000002506230a880, 0x0000025061efd3d0,
0x00000250615b97e0, 0x00000250591e38a0, 0x00000250591e1020, 0x00000250591e1a40,
0x0000025062309950, 0x00000250597d17f0, 0x00000250597d2720, 0x00000250619f4cc0,
0x000002505b995600, 0x0000025061547df0, 0x0000025061b88c30, 0x0000025061b88720,
0x00000250589367a0, 0x00000250615b7980, 0x00000250591e2970, 0x00000250615b9cf0,
0x000002506230b7b0, 0x0000025061b872e0, 0x00000250591e1f50, 0x0000025062308510,
0x0000025061b877f0, 0x0000025061efe300, 0x00000250619f56e0, 0x00000250619f7030,
0x00000250615b7e90, 0x00000250591e2e80, 0x0000025061b87d00, 0x00000250591e3390,
0x00000250591e1530, 0x000002505a1fbdf0, 0x000002505b9950f0, 0x0000025061b88210,
0x00000250621f1070, 0x00000250621f1580, 0x00000250619f47b0, 0x00000250619f51d0,
0x00000250621f1a90, 0x000002505c57bb30, 0x0000025058936cb0, 0x00000250589371c0,
0x000002505a1fc300, 0x000002505b93cc70, 0x00000250619f5bf0, 0x00000250619f6b20,
0x000002505b997970, 0x000002505a1f9060, 0x000002505a2009e0, 0x000002505b93d690,
0x0000025062309440, 0x000002506230a370, 0x00000250615478e0, 0x0000025061efb570,
0x0000025061efc4a0, 0x00000250597d3b60, 0x00000250619f6100, 0x00000250619f3d90,
0x000002505c57c040, 0x0000025061097550, 0x000002505c5792b0, 0x00000250610998c0,
0x0000025061097f70, 0x0000025061548300, 0x0000025062309e60, 0x00000250621f1fa0,
0x000002506109a7f0, 0x0000025061098990, 0x000002505b996530, 0x000002505b996a40,
0x0000025061098ea0, 0x00000250597d4070, 0x000002506154a160, 0x000002506154b090,
0x000002506109a2e0, 0x00000250621f29c0, 0x0000025061efc9b0, 0x0000025061efcec0,
0x0000025061aaddb0, 0x0000025058936290, 0x0000025061549230, 0x0000025061548d20,
0x000002506154a670, 0x0000025061efba80, 0x000002505a1fd230, 0x0000025061efd8e0,
0x0000025061efddf0, 0x0000025061efab50, 0x00000250589376d0, 0x000002505a1fd740,
0x00000250619f42a0, 0x000002505c8ace70, 0x000002505c8abf40, 0x000002505c8aba30,
0x000002505b8ded60, 0x000002505b8df780, 0x00000250589e8a90, 0x0000025061549740,
0x000002506154ab80, 0x00000250610993b0, 0x0000025061099dd0, 0x00000250628ead60,
0x0000025061aae2c0, 0x000002505a1fdc50, 0x00000250628e9e30, 0x0000025058935d80,
0x0000025061efb060, 0x000002505a5ff970, 0x0000025061b204a0, 0x00000250597d1d00,
0x000002505a1fe160, 0x000002505a5fcbe0, 0x000002505a1fa9b0, 0x0000025061b218e0,
0x000002505a5ffe80, 0x000002505b9946d0, 0x00000250628ea340, 0x00000250628e9920,
0x00000250616cf290, 0x000002505b996020, 0x00000250628e9410, 0x000002506180cb40,
0x0000025061efbf90, 0x0000025011a03b80, 0x0000025011a03160, 0x000002505a1ff090,
0x0000025011a03670, 0x0000025011a02740, 0x000002505b1326b0, 0x000002505b132bc0,
0x000002505b131780, 0x00000250591e00f0, 0x000002505a1ff5a0, 0x0000025061b20ec0,
0x0000025061b22300, 0x00000250616cf7a0, 0x0000025061b1f060, 0x000002505c57c550,
0x0000025061b1f570, 0x00000250591e0600, 0x00000250597d2c30, 0x00000250591e0b10,
0x00000250591a2570, 0x0000025061b1fa80, 0x00000250591a2a80, 0x000002505b997460,
0x000002506180ace0, 0x000002505b93c760, 0x000002505bd8aa80, 0x00000250616bf680,
0x00000250616cfcb0, 0x000002506180b1f0, 0x000002505bd8b4a0, 0x00000250616c19f0,
0x000002505bd8a060, 0x0000025061b213d0, 0x000002506284bbb0, 0x000002505a1ffab0,
0x00000250589e94b0, 0x00000250589e7b60, 0x000002505bd8bec0, 0x000002505a2004d0,
0x000002505bd8c3d0, 0x00000250615b5b20, 0x000002505bd8a570, 0x000002505a5fd0f0,
0x000002505c579cd0, 0x000002505a5ff460, 0x00000250616d0be0, 0x000002505a600390,
0x000002505c3ff8a0, 0x000002505bd8cdf0, 0x000002505bd8d300, 0x00000250615b32a0,
0x000002505b746a60, 0x00000250615b37b0, 0x00000250615b6a50, 0x00000250615b7470
}

Java Threads: ( => current thread )
  0x00000250754559d0 JavaThread "main" [_thread_in_native, id=12088, stack(0x000000d4f6e00000,0x000000d4f6f00000)]
  0x000002507fabc7c0 JavaThread "Reference Handler" daemon [_thread_blocked, id=3620, stack(0x000000d4f7500000,0x000000d4f7600000)]
  0x000002507fabd090 JavaThread "Finalizer" daemon [_thread_blocked, id=26688, stack(0x000000d4f7600000,0x000000d4f7700000)]
  0x000002507fad5060 JavaThread "Signal Dispatcher" daemon [_thread_blocked, id=11784, stack(0x000000d4f7700000,0x000000d4f7800000)]
  0x000002507fad5930 JavaThread "Attach Listener" daemon [_thread_blocked, id=17244, stack(0x000000d4f7800000,0x000000d4f7900000)]
  0x000002507fad78e0 JavaThread "Service Thread" daemon [_thread_blocked, id=20060, stack(0x000000d4f7900000,0x000000d4f7a00000)]
  0x000002507fadcd90 JavaThread "Monitor Deflation Thread" daemon [_thread_blocked, id=26836, stack(0x000000d4f7a00000,0x000000d4f7b00000)]
  0x000002507fae6f30 JavaThread "C2 CompilerThread0" daemon [_thread_blocked, id=24652, stack(0x000000d4f7b00000,0x000000d4f7c00000)]
  0x000002507faea7d0 JavaThread "C1 CompilerThread0" daemon [_thread_blocked, id=20700, stack(0x000000d4f7c00000,0x000000d4f7d00000)]
  0x000002507faf7460 JavaThread "Sweeper thread" daemon [_thread_blocked, id=7380, stack(0x000000d4f7d00000,0x000000d4f7e00000)]
  0x0000025011a1cb50 JavaThread "Common-Cleaner" daemon [_thread_blocked, id=1032, stack(0x000000d4f7e00000,0x000000d4f7f00000)]
  0x0000025011a69670 JavaThread "Notification Thread" daemon [_thread_blocked, id=10060, stack(0x000000d4f8000000,0x000000d4f8100000)]
  0x00000250598d9c70 JavaThread "Thread-1" [_thread_in_native, id=19448, stack(0x000000d4f8f00000,0x000000d4f9000000)]
  0x0000025059b1d910 JavaThread "Thread-2" [_thread_blocked, id=27032, stack(0x000000d4f9000000,0x000000d4f9100000)]
  0x000002505a01f080 JavaThread "rpc-boss-3-1" daemon [_thread_in_native, id=27016, stack(0x000000d4f9100000,0x000000d4f9200000)]
  0x000002505a022320 JavaThread "dispatcher-event-loop-0" daemon [_thread_blocked, id=5232, stack(0x000000d4f9200000,0x000000d4f9300000)]
  0x000002505a01f590 JavaThread "dispatcher-event-loop-1" daemon [_thread_blocked, id=17436, stack(0x000000d4f9300000,0x000000d4f9400000)]
  0x000002505a022830 JavaThread "dispatcher-event-loop-2" daemon [_thread_blocked, id=20640, stack(0x000000d4f9400000,0x000000d4f9500000)]
  0x000002505a0209d0 JavaThread "dispatcher-event-loop-3" daemon [_thread_blocked, id=24732, stack(0x000000d4f9500000,0x000000d4f9600000)]
  0x000002505a0213f0 JavaThread "dispatcher-event-loop-4" daemon [_thread_blocked, id=12572, stack(0x000000d4f9600000,0x000000d4f9700000)]
  0x000002505a01faa0 JavaThread "dispatcher-event-loop-5" daemon [_thread_blocked, id=23992, stack(0x000000d4f9700000,0x000000d4f9800000)]
  0x000002505a01ffb0 JavaThread "dispatcher-event-loop-6" daemon [_thread_blocked, id=27312, stack(0x000000d4f9800000,0x000000d4f9900000)]
  0x000002505a0204c0 JavaThread "dispatcher-event-loop-7" daemon [_thread_blocked, id=24768, stack(0x000000d4f9900000,0x000000d4f9a00000)]
  0x000002505a020ee0 JavaThread "dispatcher-event-loop-8" daemon [_thread_blocked, id=24240, stack(0x000000d4f9a00000,0x000000d4f9b00000)]
  0x0000025059debf50 JavaThread "dispatcher-event-loop-9" daemon [_thread_blocked, id=24988, stack(0x000000d4f9b00000,0x000000d4f9c00000)]
  0x0000025059deab10 JavaThread "dispatcher-event-loop-10" daemon [_thread_blocked, id=17636, stack(0x000000d4f9c00000,0x000000d4f9d00000)]
  0x0000025059de91c0 JavaThread "dispatcher-event-loop-11" daemon [_thread_blocked, id=27380, stack(0x000000d4f9d00000,0x000000d4f9e00000)]
  0x0000025059deba40 JavaThread "dispatcher-event-loop-12" daemon [_thread_blocked, id=19596, stack(0x000000d4f9e00000,0x000000d4f9f00000)]
  0x0000025059dea0f0 JavaThread "dispatcher-event-loop-13" daemon [_thread_blocked, id=23312, stack(0x000000d4f9f00000,0x000000d4fa000000)]
  0x0000025059dea600 JavaThread "Thread-3" [_thread_in_native, id=16352, stack(0x000000d4fa000000,0x000000d4fa100000)]
  0x0000025059de96d0 JavaThread "map-output-dispatcher-0" daemon [_thread_blocked, id=20024, stack(0x000000d4fa100000,0x000000d4fa200000)]
  0x0000025059de87a0 JavaThread "map-output-dispatcher-1" daemon [_thread_blocked, id=26528, stack(0x000000d4fa200000,0x000000d4fa300000)]
  0x0000025059dec460 JavaThread "map-output-dispatcher-2" daemon [_thread_blocked, id=25132, stack(0x000000d4fa300000,0x000000d4fa400000)]
  0x0000025059de8cb0 JavaThread "map-output-dispatcher-3" daemon [_thread_blocked, id=9688, stack(0x000000d4fa400000,0x000000d4fa500000)]
  0x0000025059deb020 JavaThread "map-output-dispatcher-4" daemon [_thread_blocked, id=26252, stack(0x000000d4fa500000,0x000000d4fa600000)]
  0x0000025059dec970 JavaThread "map-output-dispatcher-5" daemon [_thread_blocked, id=26484, stack(0x000000d4fa600000,0x000000d4fa700000)]
  0x0000025059dece80 JavaThread "map-output-dispatcher-6" daemon [_thread_blocked, id=26220, stack(0x000000d4fa700000,0x000000d4fa800000)]
  0x0000025059deb530 JavaThread "map-output-dispatcher-7" daemon [_thread_blocked, id=12988, stack(0x000000d4fa800000,0x000000d4fa900000)]
  0x0000025059ded390 JavaThread "dispatcher-BlockManagerMaster" daemon [_thread_blocked, id=21144, stack(0x000000d4fa900000,0x000000d4faa00000)]
  0x0000025059ded8a0 JavaThread "dispatcher-BlockManagerEndpoint1" daemon [_thread_blocked, id=26384, stack(0x000000d4faa00000,0x000000d4fab00000)]
  0x0000025059deddb0 JavaThread "RemoteBlock-temp-file-clean-thread" daemon [_thread_blocked, id=26860, stack(0x000000d4fab00000,0x000000d4fac00000)]
  0x0000025059df0120 JavaThread "refresh progress" daemon [_thread_blocked, id=4772, stack(0x000000d4fac00000,0x000000d4fad00000)]
  0x0000025059bd61c0 JavaThread "dispatcher-HeartbeatReceiver" daemon [_thread_blocked, id=12344, stack(0x000000d4fb500000,0x000000d4fb600000)]
  0x0000025059bd3e50 JavaThread "heartbeat-receiver-event-loop-thread" daemon [_thread_blocked, id=12800, stack(0x000000d4fb600000,0x000000d4fb700000)]
  0x0000025059bd6be0 JavaThread "netty-rpc-env-timeout" daemon [_thread_blocked, id=12904, stack(0x000000d4fb700000,0x000000d4fb800000)]
  0x0000025059bd3940 JavaThread "dag-scheduler-event-loop" daemon [_thread_blocked, id=3124, stack(0x000000d4fb800000,0x000000d4fb900000)]
  0x0000025059bd7600 JavaThread "driver-heartbeater" daemon [_thread_blocked, id=25284, stack(0x000000d4fb900000,0x000000d4fba00000)]
  0x0000025059bd8020 JavaThread "shuffle-boss-6-1" daemon [_thread_in_native, id=24592, stack(0x000000d4fbc00000,0x000000d4fbd00000)]
  0x0000025059bd4870 JavaThread "Spark Context Cleaner" daemon [_thread_blocked, id=10688, stack(0x000000d4fbd00000,0x000000d4fbe00000)]
  0x0000025059bd8530 JavaThread "context-cleaner-periodic-gc" daemon [_thread_blocked, id=25208, stack(0x000000d4fbe00000,0x000000d4fbf00000)]
  0x0000025059bd4d80 JavaThread "spark-listener-group-appStatus" daemon [_thread_blocked, id=3544, stack(0x000000d4fbf00000,0x000000d4fc000000)]
  0x0000025059bd8a40 JavaThread "spark-listener-group-executorManagement" daemon [_thread_blocked, id=7392, stack(0x000000d4fc000000,0x000000d4fc100000)]
  0x0000025059bd5290 JavaThread "element-tracking-store-worker" daemon [_thread_blocked, id=9236, stack(0x000000d4fc100000,0x000000d4fc200000)]
  0x000002505a73c510 JavaThread "org.apache.hadoop.fs.FileSystem$Statistics$StatisticsDataReferenceCleaner" daemon [_thread_blocked, id=17228, stack(0x000000d4fc400000,0x000000d4fc500000)]
  0x000002505a7401d0 JavaThread "Cleaner-0" daemon [_thread_blocked, id=13776, stack(0x000000d4fc500000,0x000000d4fc600000)]
  0x000002505a73cf30 JavaThread "Executor task launch worker for task 1.0 in stage 84.0 (TID 361)" daemon [_thread_blocked, id=25444, stack(0x000000d4fc600000,0x000000d4fc700000)]
  0x000002505a743e90 JavaThread "Executor task launch worker for task 9.0 in stage 84.0 (TID 369)" daemon [_thread_blocked, id=6172, stack(0x000000d4fc700000,0x000000d4fc800000)]
  0x000002505a740bf0 JavaThread "Executor task launch worker for task 13.0 in stage 84.0 (TID 373)" daemon [_thread_blocked, id=19636, stack(0x000000d4fc800000,0x000000d4fc900000)]
  0x000002505a742540 JavaThread "Executor task launch worker for task 8.0 in stage 84.0 (TID 368)" daemon [_thread_blocked, id=26524, stack(0x000000d4fc900000,0x000000d4fca00000)]
  0x000002505a741100 JavaThread "Executor task launch worker for task 2.0 in stage 84.0 (TID 362)" daemon [_thread_blocked, id=5100, stack(0x000000d4fca00000,0x000000d4fcb00000)]
  0x000002505a743470 JavaThread "Executor task launch worker for task 11.0 in stage 84.0 (TID 371)" daemon [_thread_blocked, id=10084, stack(0x000000d4fcb00000,0x000000d4fcc00000)]
  0x000002505a741610 JavaThread "Executor task launch worker for task 3.0 in stage 84.0 (TID 363)" daemon [_thread_blocked, id=27112, stack(0x000000d4fcc00000,0x000000d4fcd00000)]
  0x000002505a741b20 JavaThread "Executor task launch worker for task 6.0 in stage 84.0 (TID 366)" daemon [_thread_blocked, id=19460, stack(0x000000d4fcd00000,0x000000d4fce00000)]
  0x000002505a743980 JavaThread "Executor task launch worker for task 10.0 in stage 84.0 (TID 370)" daemon [_thread_blocked, id=23908, stack(0x000000d4fce00000,0x000000d4fcf00000)]
  0x000002505a742030 JavaThread "Executor task launch worker for task 7.0 in stage 84.0 (TID 367)" daemon [_thread_blocked, id=3480, stack(0x000000d4fcf00000,0x000000d4fd000000)]
  0x000002505a742a50 JavaThread "Executor task launch worker for task 12.0 in stage 84.0 (TID 372)" daemon [_thread_in_native, id=23732, stack(0x000000d4fd000000,0x000000d4fd100000)]
  0x000002505a742f60 JavaThread "Executor task launch worker for task 5.0 in stage 84.0 (TID 365)" daemon [_thread_blocked, id=19840, stack(0x000000d4fd100000,0x000000d4fd200000)]
  0x000002505a1faec0 JavaThread "Executor task launch worker for task 0.0 in stage 84.0 (TID 360)" daemon [_thread_blocked, id=23476, stack(0x000000d4fd200000,0x000000d4fd300000)]
  0x000002505a1fa4a0 JavaThread "Executor task launch worker for task 4.0 in stage 84.0 (TID 364)" daemon [_thread_blocked, id=15848, stack(0x000000d4fd300000,0x000000d4fd400000)]
  0x000002505b130190 JavaThread "task-result-getter-0" daemon [_thread_blocked, id=6984, stack(0x000000d4fd500000,0x000000d4fd600000)]
  0x000002505a1f9f90 JavaThread "task-result-getter-1" daemon [_thread_blocked, id=17096, stack(0x000000d4fd600000,0x000000d4fd700000)]
  0x0000025057eed740 JavaThread "task-result-getter-2" daemon [_thread_blocked, id=19484, stack(0x000000d4fd700000,0x000000d4fd800000)]
  0x000002505b1306a0 JavaThread "task-result-getter-3" daemon [_thread_blocked, id=26952, stack(0x000000d4fd800000,0x000000d4fd900000)]
  0x000002505b131c90 JavaThread "QueryStageCreator-0" daemon [_thread_blocked, id=19884, stack(0x000000d4fd900000,0x000000d4fda00000)]
  0x000002505c8ac960 JavaThread "QueryStageCreator-1" daemon [_thread_blocked, id=27104, stack(0x000000d4fdb00000,0x000000d4fdc00000)]
  0x00000250591a2060 JavaThread "block-manager-storage-async-thread-pool-2" daemon [_thread_blocked, id=26308, stack(0x000000d4fdf00000,0x000000d4fe000000)]
  0x0000025057eec810 JavaThread "block-manager-storage-async-thread-pool-3" daemon [_thread_blocked, id=3932, stack(0x000000d4fe200000,0x000000d4fe300000)]
  0x0000025057eedc50 JavaThread "block-manager-storage-async-thread-pool-7" daemon [_thread_blocked, id=1168, stack(0x000000d4fe800000,0x000000d4fe900000)]
  0x000002505b12fc80 JavaThread "block-manager-storage-async-thread-pool-9" daemon [_thread_blocked, id=24708, stack(0x000000d4fd400000,0x000000d4fd500000)]
  0x000002505b9725d0 JavaThread "block-manager-storage-async-thread-pool-11" daemon [_thread_blocked, id=27328, stack(0x000000d4fec00000,0x000000d4fed00000)]
  0x000002505b972ae0 JavaThread "QueryStageCreator-2" daemon [_thread_blocked, id=10200, stack(0x000000d4ff100000,0x000000d4ff200000)]
  0x000002505c582f20 JavaThread "QueryStageCreator-3" daemon [_thread_blocked, id=13316, stack(0x000000d4ff300000,0x000000d4ff400000)]
  0x000002505c8ad380 JavaThread "QueryStageCreator-4" daemon [_thread_blocked, id=24396, stack(0x000000d4ff500000,0x000000d4ff600000)]
  0x000002505b130bb0 JavaThread "block-manager-storage-async-thread-pool-12" daemon [_thread_blocked, id=24764, stack(0x000000d4ff700000,0x000000d4ff800000)]
  0x000002505a1fb3d0 JavaThread "block-manager-storage-async-thread-pool-13" daemon [_thread_blocked, id=4764, stack(0x000000d4ff800000,0x000000d4ff900000)]
  0x000002505a1fb8e0 JavaThread "block-manager-storage-async-thread-pool-14" daemon [_thread_blocked, id=23300, stack(0x000000d4ff900000,0x000000d4ffa00000)]
  0x000002505b1310c0 JavaThread "block-manager-storage-async-thread-pool-15" daemon [_thread_blocked, id=25000, stack(0x000000d4ffc00000,0x000000d4ffd00000)]
  0x000002505c4002c0 JavaThread "block-manager-storage-async-thread-pool-20" daemon [_thread_blocked, id=19252, stack(0x000000d480300000,0x000000d480400000)]
  0x00000250616d06d0 JavaThread "block-manager-storage-async-thread-pool-23" daemon [_thread_blocked, id=26032, stack(0x000000d480800000,0x000000d480900000)]
  0x000002505b12f770 JavaThread "block-manager-storage-async-thread-pool-24" daemon [_thread_blocked, id=27000, stack(0x000000d480900000,0x000000d480a00000)]
  0x000002505c8ac450 JavaThread "block-manager-ask-thread-pool-15" daemon [_thread_blocked, id=26968, stack(0x000000d480e00000,0x000000d480f00000)]
  0x00000250621f24b0 JavaThread "block-manager-storage-async-thread-pool-27" daemon [_thread_blocked, id=22088, stack(0x000000d481000000,0x000000d481100000)]
  0x000002505a1fc810 JavaThread "block-manager-ask-thread-pool-18" daemon [_thread_blocked, id=5848, stack(0x000000d481300000,0x000000d481400000)]
  0x000002505a1f9570 JavaThread "QueryStageCreator-5" daemon [_thread_blocked, id=19324, stack(0x000000d481500000,0x000000d481600000)]
  0x000002505a1fcd20 JavaThread "QueryStageCreator-6" daemon [_thread_blocked, id=24996, stack(0x000000d481900000,0x000000d481a00000)]
  0x000002505a1f9a80 JavaThread "QueryStageCreator-7" daemon [_thread_blocked, id=26772, stack(0x000000d481b00000,0x000000d481c00000)]
  0x000002505b1321a0 JavaThread "block-manager-ask-thread-pool-20" daemon [_thread_blocked, id=21512, stack(0x000000d482000000,0x000000d482100000)]
  0x000002505b8e01a0 JavaThread "block-manager-ask-thread-pool-22" daemon [_thread_blocked, id=17284, stack(0x000000d482500000,0x000000d482600000)]
  0x000002505a1fe670 JavaThread "block-manager-ask-thread-pool-24" daemon [_thread_blocked, id=21824, stack(0x000000d482b00000,0x000000d482c00000)]
  0x000002505a1feb80 JavaThread "block-manager-ask-thread-pool-25" daemon [_thread_blocked, id=19276, stack(0x000000d482d00000,0x000000d482e00000)]
  0x000002505941bda0 JavaThread "block-manager-ask-thread-pool-28" daemon [_thread_blocked, id=11528, stack(0x000000d483200000,0x000000d483300000)]
  0x00000250583ec140 JavaThread "block-manager-ask-thread-pool-30" daemon [_thread_blocked, id=23716, stack(0x000000d483700000,0x000000d483800000)]
  0x000002505b93e0b0 JavaThread "QueryStageCreator-8" daemon [_thread_blocked, id=1884, stack(0x000000d483900000,0x000000d483a00000)]
  0x000002505b93dba0 JavaThread "QueryStageCreator-9" daemon [_thread_blocked, id=24648, stack(0x000000d483c00000,0x000000d483d00000)]
  0x0000025061aae7d0 JavaThread "QueryStageCreator-10" daemon [_thread_blocked, id=17552, stack(0x000000d483e00000,0x000000d483f00000)]
  0x00000250628ea850 JavaThread "block-manager-ask-thread-pool-32" daemon [_thread_blocked, id=26508, stack(0x000000d484400000,0x000000d484500000)]
  0x0000025061124550 JavaThread "block-manager-ask-thread-pool-34" daemon [_thread_blocked, id=5548, stack(0x000000d484900000,0x000000d484a00000)]
  0x0000025061b21df0 JavaThread "block-manager-ask-thread-pool-36" daemon [_thread_blocked, id=27116, stack(0x000000d484e00000,0x000000d484f00000)]
  0x000002505b1330d0 JavaThread "block-manager-ask-thread-pool-38" daemon [_thread_blocked, id=21580, stack(0x000000d485400000,0x000000d485500000)]
  0x0000025011a02c50 JavaThread "block-manager-ask-thread-pool-40" daemon [_thread_blocked, id=19052, stack(0x000000d485600000,0x000000d485700000)]
  0x000002505873c050 JavaThread "block-manager-ask-thread-pool-42" daemon [_thread_blocked, id=4960, stack(0x000000d485b00000,0x000000d485c00000)]
  0x0000025011a02230 JavaThread "QueryStageCreator-11" daemon [_thread_blocked, id=12528, stack(0x000000d485d00000,0x000000d485e00000)]
  0x0000025061b209b0 JavaThread "QueryStageCreator-12" daemon [_thread_blocked, id=16016, stack(0x000000d486000000,0x000000d486100000)]
  0x000002505bd8c8e0 JavaThread "block-manager-ask-thread-pool-44" daemon [_thread_blocked, id=10244, stack(0x000000d486800000,0x000000d486900000)]
  0x00000250615b6030 JavaThread "block-manager-ask-thread-pool-46" daemon [_thread_blocked, id=25400, stack(0x000000d486d00000,0x000000d486e00000)]
  0x0000025061aaf1f0 JavaThread "block-manager-storage-async-thread-pool-74" daemon [_thread_blocked, id=26976, stack(0x000000d487300000,0x000000d487400000)]
  0x0000025061097040 JavaThread "block-manager-ask-thread-pool-48" daemon [_thread_blocked, id=10228, stack(0x000000d487400000,0x000000d487500000)]
  0x000002505873ac10 JavaThread "block-manager-storage-async-thread-pool-75" daemon [_thread_blocked, id=18488, stack(0x000000d487600000,0x000000d487700000)]
  0x000002506180bc10 JavaThread "block-manager-ask-thread-pool-50" daemon [_thread_blocked, id=13500, stack(0x000000d487900000,0x000000d487a00000)]
  0x0000025061b1ff90 JavaThread "block-manager-storage-async-thread-pool-78" daemon [_thread_blocked, id=15776, stack(0x000000d487b00000,0x000000d487c00000)]
  0x0000025061b22810 JavaThread "block-manager-storage-async-thread-pool-79" daemon [_thread_blocked, id=13960, stack(0x000000d487c00000,0x000000d487d00000)]
  0x0000025061123620 JavaThread "QueryStageCreator-15" daemon [_thread_blocked, id=408, stack(0x000000d488700000,0x000000d488800000)]
  0x0000025061ab0120 JavaThread "block-manager-storage-async-thread-pool-86" daemon [_thread_blocked, id=27612, stack(0x000000d488b00000,0x000000d488c00000)]
  0x000002505b8df270 JavaThread "block-manager-storage-async-thread-pool-90" daemon [_thread_blocked, id=23596, stack(0x000000d489100000,0x000000d489200000)]
  0x0000025061aad8a0 JavaThread "block-manager-storage-async-thread-pool-91" daemon [_thread_blocked, id=25760, stack(0x000000d489400000,0x000000d489500000)]
  0x0000025061549c50 JavaThread "block-manager-storage-async-thread-pool-93" daemon [_thread_blocked, id=27216, stack(0x000000d489600000,0x000000d489700000)]
  0x000002505873a700 JavaThread "block-manager-storage-async-thread-pool-94" daemon [_thread_blocked, id=13296, stack(0x000000d489900000,0x000000d489a00000)]
  0x000002505c57a1e0 JavaThread "block-manager-storage-async-thread-pool-96" daemon [_thread_blocked, id=22728, stack(0x000000d489f00000,0x000000d48a000000)]
  0x00000250597d2210 JavaThread "block-manager-storage-async-thread-pool-98" daemon [_thread_blocked, id=26824, stack(0x000000d48a100000,0x000000d48a200000)]
  0x00000250591e2460 JavaThread "ResultQueryStageExecution-12" daemon [_thread_blocked, id=25288, stack(0x000000d48d000000,0x000000d48d100000)]
  0x000002506230a880 JavaThread "shuffle-exchange-20" daemon [_thread_blocked, id=26376, stack(0x000000d48d700000,0x000000d48d800000)]
  0x0000025061efd3d0 JavaThread "shuffle-exchange-21" daemon [_thread_blocked, id=25832, stack(0x000000d48d300000,0x000000d48d400000)]
  0x00000250615b97e0 JavaThread "ResultQueryStageExecution-13" daemon [_thread_blocked, id=21944, stack(0x000000d48d900000,0x000000d48da00000)]
  0x00000250591e38a0 JavaThread "shuffle-exchange-22" daemon [_thread_blocked, id=25816, stack(0x000000d48da00000,0x000000d48db00000)]
  0x00000250591e1020 JavaThread "shuffle-exchange-23" daemon [_thread_blocked, id=26132, stack(0x000000d48d600000,0x000000d48d700000)]
  0x00000250591e1a40 JavaThread "ResultQueryStageExecution-14" daemon [_thread_blocked, id=23520, stack(0x000000d48d800000,0x000000d48d900000)]
  0x0000025062309950 JavaThread "block-manager-storage-async-thread-pool-100" daemon [_thread_blocked, id=16692, stack(0x000000d48dd00000,0x000000d48de00000)]
  0x00000250597d17f0 JavaThread "block-manager-storage-async-thread-pool-101" daemon [_thread_blocked, id=22684, stack(0x000000d48de00000,0x000000d48df00000)]
  0x00000250597d2720 JavaThread "block-manager-storage-async-thread-pool-102" daemon [_thread_blocked, id=20436, stack(0x000000d48df00000,0x000000d48e000000)]
  0x00000250619f4cc0 JavaThread "block-manager-ask-thread-pool-100" daemon [_thread_blocked, id=13460, stack(0x000000d48e000000,0x000000d48e100000)]
  0x000002505b995600 JavaThread "block-manager-ask-thread-pool-101" daemon [_thread_blocked, id=4932, stack(0x000000d48e100000,0x000000d48e200000)]
  0x0000025061547df0 JavaThread "shuffle-exchange-24" daemon [_thread_blocked, id=7772, stack(0x000000d48e200000,0x000000d48e300000)]
  0x0000025061b88c30 JavaThread "block-manager-storage-async-thread-pool-103" daemon [_thread_blocked, id=10040, stack(0x000000d48e300000,0x000000d48e400000)]
  0x0000025061b88720 JavaThread "block-manager-ask-thread-pool-102" daemon [_thread_blocked, id=10072, stack(0x000000d48e400000,0x000000d48e500000)]
  0x00000250589367a0 JavaThread "block-manager-ask-thread-pool-103" daemon [_thread_blocked, id=4148, stack(0x000000d48e500000,0x000000d48e600000)]
  0x00000250615b7980 JavaThread "shuffle-exchange-25" daemon [_thread_blocked, id=26956, stack(0x000000d480000000,0x000000d480100000)]
  0x00000250591e2970 JavaThread "ResultQueryStageExecution-15" daemon [_thread_blocked, id=10552, stack(0x000000d480100000,0x000000d480200000)]
  0x00000250615b9cf0 JavaThread "shuffle-exchange-26" daemon [_thread_blocked, id=23212, stack(0x000000d480600000,0x000000d480700000)]
  0x000002506230b7b0 JavaThread "block-manager-storage-async-thread-pool-104" daemon [_thread_blocked, id=25664, stack(0x000000d480b00000,0x000000d480c00000)]
  0x0000025061b872e0 JavaThread "block-manager-storage-async-thread-pool-105" daemon [_thread_blocked, id=8444, stack(0x000000d480d00000,0x000000d480e00000)]
  0x00000250591e1f50 JavaThread "block-manager-storage-async-thread-pool-106" daemon [_thread_blocked, id=4108, stack(0x000000d480f00000,0x000000d481000000)]
  0x0000025062308510 JavaThread "block-manager-ask-thread-pool-104" daemon [_thread_blocked, id=15972, stack(0x000000d481100000,0x000000d481200000)]
  0x0000025061b877f0 JavaThread "block-manager-ask-thread-pool-105" daemon [_thread_blocked, id=11348, stack(0x000000d481400000,0x000000d481500000)]
  0x0000025061efe300 JavaThread "block-manager-storage-async-thread-pool-107" daemon [_thread_blocked, id=23996, stack(0x000000d481600000,0x000000d481700000)]
  0x00000250619f56e0 JavaThread "block-manager-storage-async-thread-pool-108" daemon [_thread_blocked, id=7104, stack(0x000000d481800000,0x000000d481900000)]
  0x00000250619f7030 JavaThread "block-manager-storage-async-thread-pool-109" daemon [_thread_blocked, id=6448, stack(0x000000d481a00000,0x000000d481b00000)]
  0x00000250615b7e90 JavaThread "block-manager-ask-thread-pool-106" daemon [_thread_blocked, id=11396, stack(0x000000d481c00000,0x000000d481d00000)]
  0x00000250591e2e80 JavaThread "block-manager-ask-thread-pool-107" daemon [_thread_blocked, id=2664, stack(0x000000d481d00000,0x000000d481e00000)]
  0x0000025061b87d00 JavaThread "block-manager-storage-async-thread-pool-110" daemon [_thread_blocked, id=13176, stack(0x000000d481e00000,0x000000d481f00000)]
  0x00000250591e3390 JavaThread "block-manager-storage-async-thread-pool-111" daemon [_thread_blocked, id=23012, stack(0x000000d482100000,0x000000d482200000)]
  0x00000250591e1530 JavaThread "block-manager-storage-async-thread-pool-112" daemon [_thread_blocked, id=23156, stack(0x000000d480400000,0x000000d480500000)]
  0x000002505a1fbdf0 JavaThread "block-manager-ask-thread-pool-108" daemon [_thread_blocked, id=10048, stack(0x000000d482200000,0x000000d482300000)]
  0x000002505b9950f0 JavaThread "block-manager-ask-thread-pool-109" daemon [_thread_blocked, id=7424, stack(0x000000d482300000,0x000000d482400000)]
  0x0000025061b88210 JavaThread "block-manager-storage-async-thread-pool-113" daemon [_thread_blocked, id=22744, stack(0x000000d480200000,0x000000d480300000)]
  0x00000250621f1070 JavaThread "block-manager-storage-async-thread-pool-114" daemon [_thread_blocked, id=25528, stack(0x000000d482600000,0x000000d482700000)]
  0x00000250621f1580 JavaThread "block-manager-storage-async-thread-pool-115" daemon [_thread_blocked, id=26428, stack(0x000000d482700000,0x000000d482800000)]
  0x00000250619f47b0 JavaThread "block-manager-storage-async-thread-pool-116" daemon [_thread_blocked, id=13620, stack(0x000000d482900000,0x000000d482a00000)]
  0x00000250619f51d0 JavaThread "block-manager-storage-async-thread-pool-117" daemon [_thread_blocked, id=25088, stack(0x000000d482a00000,0x000000d482b00000)]
  0x00000250621f1a90 JavaThread "block-manager-ask-thread-pool-110" daemon [_thread_blocked, id=26364, stack(0x000000d482c00000,0x000000d482d00000)]
  0x000002505c57bb30 JavaThread "block-manager-ask-thread-pool-111" daemon [_thread_blocked, id=24748, stack(0x000000d482e00000,0x000000d482f00000)]
  0x0000025058936cb0 JavaThread "block-manager-storage-async-thread-pool-118" daemon [_thread_blocked, id=13792, stack(0x000000d482f00000,0x000000d483000000)]
  0x00000250589371c0 JavaThread "block-manager-storage-async-thread-pool-119" daemon [_thread_blocked, id=3608, stack(0x000000d483000000,0x000000d483100000)]
  0x000002505a1fc300 JavaThread "block-manager-ask-thread-pool-112" daemon [_thread_blocked, id=27152, stack(0x000000d483300000,0x000000d483400000)]
  0x000002505b93cc70 JavaThread "block-manager-ask-thread-pool-113" daemon [_thread_blocked, id=13516, stack(0x000000d483400000,0x000000d483500000)]
  0x00000250619f5bf0 JavaThread "block-manager-storage-async-thread-pool-120" daemon [_thread_blocked, id=26644, stack(0x000000d483500000,0x000000d483600000)]
  0x00000250619f6b20 JavaThread "block-manager-storage-async-thread-pool-121" daemon [_thread_blocked, id=12060, stack(0x000000d483800000,0x000000d483900000)]
  0x000002505b997970 JavaThread "block-manager-ask-thread-pool-114" daemon [_thread_blocked, id=19096, stack(0x000000d483a00000,0x000000d483b00000)]
  0x000002505a1f9060 JavaThread "block-manager-ask-thread-pool-115" daemon [_thread_blocked, id=27476, stack(0x000000d483b00000,0x000000d483c00000)]
  0x000002505a2009e0 JavaThread "shuffle-exchange-27" daemon [_thread_blocked, id=10736, stack(0x000000d483d00000,0x000000d483e00000)]
  0x000002505b93d690 JavaThread "block-manager-storage-async-thread-pool-122" daemon [_thread_blocked, id=18548, stack(0x000000d484500000,0x000000d484600000)]
  0x0000025062309440 JavaThread "block-manager-storage-async-thread-pool-123" daemon [_thread_blocked, id=24584, stack(0x000000d484600000,0x000000d484700000)]
  0x000002506230a370 JavaThread "block-manager-storage-async-thread-pool-124" daemon [_thread_blocked, id=5388, stack(0x000000d484a00000,0x000000d484b00000)]
  0x00000250615478e0 JavaThread "block-manager-ask-thread-pool-116" daemon [_thread_blocked, id=23516, stack(0x000000d484b00000,0x000000d484c00000)]
  0x0000025061efb570 JavaThread "block-manager-ask-thread-pool-117" daemon [_thread_blocked, id=26984, stack(0x000000d484c00000,0x000000d484d00000)]
  0x0000025061efc4a0 JavaThread "ResultQueryStageExecution-16" daemon [_thread_blocked, id=26232, stack(0x000000d484f00000,0x000000d485000000)]
  0x00000250597d3b60 JavaThread "block-manager-storage-async-thread-pool-125" daemon [_thread_blocked, id=20104, stack(0x000000d481200000,0x000000d481300000)]
  0x00000250619f6100 JavaThread "block-manager-storage-async-thread-pool-126" daemon [_thread_blocked, id=11688, stack(0x000000d481700000,0x000000d481800000)]
  0x00000250619f3d90 JavaThread "block-manager-storage-async-thread-pool-127" daemon [_thread_blocked, id=25788, stack(0x000000d481f00000,0x000000d482000000)]
  0x000002505c57c040 JavaThread "block-manager-ask-thread-pool-118" daemon [_thread_blocked, id=4776, stack(0x000000d482400000,0x000000d482500000)]
  0x0000025061097550 JavaThread "block-manager-ask-thread-pool-119" daemon [_thread_blocked, id=24364, stack(0x000000d482800000,0x000000d482900000)]
  0x000002505c5792b0 JavaThread "block-manager-storage-async-thread-pool-128" daemon [_thread_blocked, id=25764, stack(0x000000d483100000,0x000000d483200000)]
  0x00000250610998c0 JavaThread "block-manager-storage-async-thread-pool-129" daemon [_thread_blocked, id=9276, stack(0x000000d483600000,0x000000d483700000)]
  0x0000025061097f70 JavaThread "block-manager-storage-async-thread-pool-130" daemon [_thread_blocked, id=12308, stack(0x000000d483f00000,0x000000d484000000)]
  0x0000025061548300 JavaThread "block-manager-ask-thread-pool-120" daemon [_thread_blocked, id=15524, stack(0x000000d484000000,0x000000d484100000)]
  0x0000025062309e60 JavaThread "block-manager-ask-thread-pool-121" daemon [_thread_blocked, id=16552, stack(0x000000d484100000,0x000000d484200000)]
  0x00000250621f1fa0 JavaThread "block-manager-storage-async-thread-pool-131" daemon [_thread_blocked, id=27332, stack(0x000000d484200000,0x000000d484300000)]
  0x000002506109a7f0 JavaThread "block-manager-storage-async-thread-pool-132" daemon [_thread_blocked, id=7188, stack(0x000000d484300000,0x000000d484400000)]
  0x0000025061098990 JavaThread "block-manager-storage-async-thread-pool-133" daemon [_thread_blocked, id=11408, stack(0x000000d480c00000,0x000000d480d00000)]
  0x000002505b996530 JavaThread "block-manager-storage-async-thread-pool-134" daemon [_thread_blocked, id=3768, stack(0x000000d484700000,0x000000d484800000)]
  0x000002505b996a40 JavaThread "block-manager-storage-async-thread-pool-135" daemon [_thread_blocked, id=10056, stack(0x000000d484800000,0x000000d484900000)]
  0x0000025061098ea0 JavaThread "block-manager-ask-thread-pool-122" daemon [_thread_blocked, id=15720, stack(0x000000d484d00000,0x000000d484e00000)]
  0x00000250597d4070 JavaThread "block-manager-ask-thread-pool-123" daemon [_thread_blocked, id=24716, stack(0x000000d485000000,0x000000d485100000)]
  0x000002506154a160 JavaThread "block-manager-storage-async-thread-pool-136" daemon [_thread_blocked, id=13576, stack(0x000000d485100000,0x000000d485200000)]
  0x000002506154b090 JavaThread "block-manager-storage-async-thread-pool-137" daemon [_thread_blocked, id=8932, stack(0x000000d485200000,0x000000d485300000)]
  0x000002506109a2e0 JavaThread "block-manager-ask-thread-pool-124" daemon [_thread_blocked, id=16672, stack(0x000000d485300000,0x000000d485400000)]
  0x00000250621f29c0 JavaThread "block-manager-ask-thread-pool-125" daemon [_thread_blocked, id=2444, stack(0x000000d485500000,0x000000d485600000)]
  0x0000025061efc9b0 JavaThread "block-manager-storage-async-thread-pool-138" daemon [_thread_blocked, id=12108, stack(0x000000d485700000,0x000000d485800000)]
  0x0000025061efcec0 JavaThread "block-manager-storage-async-thread-pool-139" daemon [_thread_blocked, id=23404, stack(0x000000d485800000,0x000000d485900000)]
  0x0000025061aaddb0 JavaThread "block-manager-ask-thread-pool-126" daemon [_thread_blocked, id=16392, stack(0x000000d485900000,0x000000d485a00000)]
  0x0000025058936290 JavaThread "block-manager-ask-thread-pool-127" daemon [_thread_blocked, id=5840, stack(0x000000d485a00000,0x000000d485b00000)]
  0x0000025061549230 JavaThread "Cleaner-1" daemon [_thread_blocked, id=26008, stack(0x000000d480500000,0x000000d480600000)]
  0x0000025061548d20 JavaThread "read-ahead" daemon [_thread_blocked, id=27444, stack(0x000000d480700000,0x000000d480800000)]
  0x000002506154a670 JavaThread "read-ahead" daemon [_thread_blocked, id=14008, stack(0x000000d480a00000,0x000000d480b00000)]
  0x0000025061efba80 JavaThread "read-ahead" daemon [_thread_blocked, id=23604, stack(0x000000d485c00000,0x000000d485d00000)]
  0x000002505a1fd230 JavaThread "read-ahead" daemon [_thread_blocked, id=25112, stack(0x000000d485e00000,0x000000d485f00000)]
  0x0000025061efd8e0 JavaThread "read-ahead" daemon [_thread_blocked, id=25104, stack(0x000000d485f00000,0x000000d486000000)]
  0x0000025061efddf0 JavaThread "read-ahead" daemon [_thread_blocked, id=15136, stack(0x000000d486100000,0x000000d486200000)]
  0x0000025061efab50 JavaThread "read-ahead" daemon [_thread_blocked, id=25116, stack(0x000000d486200000,0x000000d486300000)]
  0x00000250589376d0 JavaThread "read-ahead" daemon [_thread_blocked, id=26088, stack(0x000000d486400000,0x000000d486500000)]
  0x000002505a1fd740 JavaThread "read-ahead" daemon [_thread_blocked, id=2024, stack(0x000000d486500000,0x000000d486600000)]
  0x00000250619f42a0 JavaThread "read-ahead" daemon [_thread_blocked, id=10036, stack(0x000000d486600000,0x000000d486700000)]
  0x000002505c8ace70 JavaThread "read-ahead" daemon [_thread_blocked, id=26448, stack(0x000000d486700000,0x000000d486800000)]
  0x000002505c8abf40 JavaThread "read-ahead" daemon [_thread_blocked, id=9332, stack(0x000000d486900000,0x000000d486a00000)]
  0x000002505c8aba30 JavaThread "read-ahead" daemon [_thread_blocked, id=27384, stack(0x000000d486a00000,0x000000d486b00000)]
  0x000002505b8ded60 JavaThread "read-ahead" daemon [_thread_blocked, id=4924, stack(0x000000d486b00000,0x000000d486c00000)]
  0x000002505b8df780 JavaThread "read-ahead" daemon [_thread_blocked, id=25928, stack(0x000000d486c00000,0x000000d486d00000)]
  0x00000250589e8a90 JavaThread "read-ahead" daemon [_thread_blocked, id=6528, stack(0x000000d486300000,0x000000d486400000)]
  0x0000025061549740 JavaThread "read-ahead" daemon [_thread_blocked, id=26520, stack(0x000000d487000000,0x000000d487100000)]
  0x000002506154ab80 JavaThread "read-ahead" daemon [_thread_blocked, id=26628, stack(0x000000d487100000,0x000000d487200000)]
  0x00000250610993b0 JavaThread "read-ahead" daemon [_thread_blocked, id=11920, stack(0x000000d487200000,0x000000d487300000)]
  0x0000025061099dd0 JavaThread "read-ahead" daemon [_thread_blocked, id=27100, stack(0x000000d487500000,0x000000d487600000)]
  0x00000250628ead60 JavaThread "read-ahead" daemon [_thread_blocked, id=24684, stack(0x000000d487700000,0x000000d487800000)]
  0x0000025061aae2c0 JavaThread "read-ahead" daemon [_thread_blocked, id=19932, stack(0x000000d487800000,0x000000d487900000)]
  0x000002505a1fdc50 JavaThread "read-ahead" daemon [_thread_blocked, id=6176, stack(0x000000d487a00000,0x000000d487b00000)]
  0x00000250628e9e30 JavaThread "read-ahead" daemon [_thread_blocked, id=18900, stack(0x000000d487d00000,0x000000d487e00000)]
  0x0000025058935d80 JavaThread "read-ahead" daemon [_thread_blocked, id=7456, stack(0x000000d487e00000,0x000000d487f00000)]
  0x0000025061efb060 JavaThread "read-ahead" daemon [_thread_blocked, id=464, stack(0x000000d487f00000,0x000000d488000000)]
  0x000002505a5ff970 JavaThread "read-ahead" daemon [_thread_blocked, id=1976, stack(0x000000d488000000,0x000000d488100000)]
  0x0000025061b204a0 JavaThread "read-ahead" daemon [_thread_blocked, id=24260, stack(0x000000d488100000,0x000000d488200000)]
  0x00000250597d1d00 JavaThread "read-ahead" daemon [_thread_blocked, id=12944, stack(0x000000d488200000,0x000000d488300000)]
  0x000002505a1fe160 JavaThread "read-ahead" daemon [_thread_blocked, id=26916, stack(0x000000d488300000,0x000000d488400000)]
  0x000002505a5fcbe0 JavaThread "read-ahead" daemon [_thread_blocked, id=25620, stack(0x000000d488400000,0x000000d488500000)]
  0x000002505a1fa9b0 JavaThread "read-ahead" daemon [_thread_blocked, id=27144, stack(0x000000d488500000,0x000000d488600000)]
  0x0000025061b218e0 JavaThread "read-ahead" daemon [_thread_blocked, id=27460, stack(0x000000d488600000,0x000000d488700000)]
  0x000002505a5ffe80 JavaThread "read-ahead" daemon [_thread_blocked, id=22772, stack(0x000000d488800000,0x000000d488900000)]
  0x000002505b9946d0 JavaThread "read-ahead" daemon [_thread_blocked, id=26108, stack(0x000000d488900000,0x000000d488a00000)]
  0x00000250628ea340 JavaThread "read-ahead" daemon [_thread_blocked, id=18088, stack(0x000000d488a00000,0x000000d488b00000)]
  0x00000250628e9920 JavaThread "read-ahead" daemon [_thread_blocked, id=25812, stack(0x000000d488c00000,0x000000d488d00000)]
  0x00000250616cf290 JavaThread "read-ahead" daemon [_thread_blocked, id=23944, stack(0x000000d488d00000,0x000000d488e00000)]
  0x000002505b996020 JavaThread "read-ahead" daemon [_thread_blocked, id=21856, stack(0x000000d488e00000,0x000000d488f00000)]
  0x00000250628e9410 JavaThread "read-ahead" daemon [_thread_blocked, id=13644, stack(0x000000d488f00000,0x000000d489000000)]
  0x000002506180cb40 JavaThread "read-ahead" daemon [_thread_blocked, id=1748, stack(0x000000d489000000,0x000000d489100000)]
  0x0000025061efbf90 JavaThread "read-ahead" daemon [_thread_blocked, id=9960, stack(0x000000d489200000,0x000000d489300000)]
  0x0000025011a03b80 JavaThread "read-ahead" daemon [_thread_blocked, id=26348, stack(0x000000d489300000,0x000000d489400000)]
  0x0000025011a03160 JavaThread "read-ahead" daemon [_thread_blocked, id=17292, stack(0x000000d489500000,0x000000d489600000)]
  0x000002505a1ff090 JavaThread "read-ahead" daemon [_thread_blocked, id=26360, stack(0x000000d489700000,0x000000d489800000)]
  0x0000025011a03670 JavaThread "read-ahead" daemon [_thread_blocked, id=27624, stack(0x000000d489800000,0x000000d489900000)]
  0x0000025011a02740 JavaThread "read-ahead" daemon [_thread_blocked, id=25712, stack(0x000000d489a00000,0x000000d489b00000)]
  0x000002505b1326b0 JavaThread "read-ahead" daemon [_thread_blocked, id=26832, stack(0x000000d489b00000,0x000000d489c00000)]
  0x000002505b132bc0 JavaThread "read-ahead" daemon [_thread_blocked, id=8420, stack(0x000000d489c00000,0x000000d489d00000)]
  0x000002505b131780 JavaThread "read-ahead" daemon [_thread_blocked, id=25944, stack(0x000000d489d00000,0x000000d489e00000)]
  0x00000250591e00f0 JavaThread "read-ahead" daemon [_thread_blocked, id=24816, stack(0x000000d489e00000,0x000000d489f00000)]
  0x000002505a1ff5a0 JavaThread "read-ahead" daemon [_thread_blocked, id=27256, stack(0x000000d48a000000,0x000000d48a100000)]
  0x0000025061b20ec0 JavaThread "read-ahead" daemon [_thread_blocked, id=12324, stack(0x000000d48a200000,0x000000d48a300000)]
  0x0000025061b22300 JavaThread "read-ahead" daemon [_thread_blocked, id=25328, stack(0x000000d48a300000,0x000000d48a400000)]
  0x00000250616cf7a0 JavaThread "read-ahead" daemon [_thread_blocked, id=5304, stack(0x000000d48a400000,0x000000d48a500000)]
  0x0000025061b1f060 JavaThread "read-ahead" daemon [_thread_blocked, id=23216, stack(0x000000d48a500000,0x000000d48a600000)]
  0x000002505c57c550 JavaThread "read-ahead" daemon [_thread_blocked, id=492, stack(0x000000d48a600000,0x000000d48a700000)]
  0x0000025061b1f570 JavaThread "read-ahead" daemon [_thread_blocked, id=20492, stack(0x000000d48a700000,0x000000d48a800000)]
  0x00000250591e0600 JavaThread "read-ahead" daemon [_thread_blocked, id=800, stack(0x000000d48a800000,0x000000d48a900000)]
  0x00000250597d2c30 JavaThread "read-ahead" daemon [_thread_blocked, id=24236, stack(0x000000d48a900000,0x000000d48aa00000)]
  0x00000250591e0b10 JavaThread "read-ahead" daemon [_thread_blocked, id=14024, stack(0x000000d48aa00000,0x000000d48ab00000)]
  0x00000250591a2570 JavaThread "read-ahead" daemon [_thread_blocked, id=25796, stack(0x000000d48ab00000,0x000000d48ac00000)]
  0x0000025061b1fa80 JavaThread "read-ahead" daemon [_thread_blocked, id=4232, stack(0x000000d48ac00000,0x000000d48ad00000)]
  0x00000250591a2a80 JavaThread "read-ahead" daemon [_thread_blocked, id=20804, stack(0x000000d48ad00000,0x000000d48ae00000)]
  0x000002505b997460 JavaThread "read-ahead" daemon [_thread_blocked, id=27268, stack(0x000000d48ae00000,0x000000d48af00000)]
  0x000002506180ace0 JavaThread "read-ahead" daemon [_thread_blocked, id=16616, stack(0x000000d48af00000,0x000000d48b000000)]
  0x000002505b93c760 JavaThread "read-ahead" daemon [_thread_blocked, id=3864, stack(0x000000d48b000000,0x000000d48b100000)]
  0x000002505bd8aa80 JavaThread "read-ahead" daemon [_thread_blocked, id=2504, stack(0x000000d48b100000,0x000000d48b200000)]
  0x00000250616bf680 JavaThread "read-ahead" daemon [_thread_blocked, id=26668, stack(0x000000d48b200000,0x000000d48b300000)]
  0x00000250616cfcb0 JavaThread "read-ahead" daemon [_thread_blocked, id=21640, stack(0x000000d48b300000,0x000000d48b400000)]
  0x000002506180b1f0 JavaThread "read-ahead" daemon [_thread_blocked, id=22232, stack(0x000000d48b400000,0x000000d48b500000)]
  0x000002505bd8b4a0 JavaThread "read-ahead" daemon [_thread_blocked, id=22416, stack(0x000000d48b500000,0x000000d48b600000)]
  0x00000250616c19f0 JavaThread "read-ahead" daemon [_thread_blocked, id=27068, stack(0x000000d48b600000,0x000000d48b700000)]
  0x000002505bd8a060 JavaThread "read-ahead" daemon [_thread_blocked, id=27468, stack(0x000000d48b700000,0x000000d48b800000)]
  0x0000025061b213d0 JavaThread "read-ahead" daemon [_thread_blocked, id=24936, stack(0x000000d48b800000,0x000000d48b900000)]
  0x000002506284bbb0 JavaThread "C2 CompilerThread1" daemon [_thread_blocked, id=17040, stack(0x000000d48b900000,0x000000d48ba00000)]
  0x000002505a1ffab0 JavaThread "read-ahead" daemon [_thread_blocked, id=27480, stack(0x000000d48ba00000,0x000000d48bb00000)]
  0x00000250589e94b0 JavaThread "read-ahead" daemon [_thread_blocked, id=26804, stack(0x000000d48bb00000,0x000000d48bc00000)]
  0x00000250589e7b60 JavaThread "read-ahead" daemon [_thread_blocked, id=11904, stack(0x000000d48bc00000,0x000000d48bd00000)]
  0x000002505bd8bec0 JavaThread "read-ahead" daemon [_thread_blocked, id=21100, stack(0x000000d48bd00000,0x000000d48be00000)]
  0x000002505a2004d0 JavaThread "read-ahead" daemon [_thread_blocked, id=5808, stack(0x000000d48be00000,0x000000d48bf00000)]
  0x000002505bd8c3d0 JavaThread "read-ahead" daemon [_thread_blocked, id=25676, stack(0x000000d48c100000,0x000000d48c200000)]
  0x00000250615b5b20 JavaThread "read-ahead" daemon [_thread_blocked, id=22740, stack(0x000000d48c200000,0x000000d48c300000)]
  0x000002505bd8a570 JavaThread "read-ahead" daemon [_thread_blocked, id=26564, stack(0x000000d48c300000,0x000000d48c400000)]
  0x000002505a5fd0f0 JavaThread "read-ahead" daemon [_thread_blocked, id=24880, stack(0x000000d48c400000,0x000000d48c500000)]
  0x000002505c579cd0 JavaThread "read-ahead" daemon [_thread_blocked, id=5444, stack(0x000000d48c500000,0x000000d48c600000)]
  0x000002505a5ff460 JavaThread "read-ahead" daemon [_thread_blocked, id=23892, stack(0x000000d48c700000,0x000000d48c800000)]
  0x00000250616d0be0 JavaThread "read-ahead" daemon [_thread_blocked, id=27396, stack(0x000000d48c800000,0x000000d48c900000)]
  0x000002505a600390 JavaThread "read-ahead" daemon [_thread_blocked, id=26408, stack(0x000000d48c900000,0x000000d48ca00000)]
  0x000002505c3ff8a0 JavaThread "Thread-0" [_thread_blocked, id=11180, stack(0x000000d48ca00000,0x000000d48cb00000)]
  0x000002505bd8cdf0 JavaThread "Executor task launch worker for task 14.0 in stage 84.0 (TID 374)" daemon [_thread_blocked, id=13972, stack(0x000000d48c600000,0x000000d48c700000)]
  0x000002505bd8d300 JavaThread "shutdown-hook-0" daemon [_thread_blocked, id=16872, stack(0x000000d48cb00000,0x000000d48cc00000)]
  0x00000250615b32a0 JavaThread "read-ahead" daemon [_thread_blocked, id=5048, stack(0x000000d48cc00000,0x000000d48cd00000)]
  0x000002505b746a60 JavaThread "read-ahead" daemon [_thread_blocked, id=20952, stack(0x000000d48cd00000,0x000000d48ce00000)]
  0x00000250615b37b0 JavaThread "read-ahead" daemon [_thread_blocked, id=25732, stack(0x000000d48ce00000,0x000000d48cf00000)]
  0x00000250615b6a50 JavaThread "read-ahead" daemon [_thread_blocked, id=24872, stack(0x000000d48cf00000,0x000000d48d000000)]
=>0x00000250615b7470 JavaThread "read-ahead" daemon [_thread_in_Java, id=27264, stack(0x000000d48d100000,0x000000d48d200000)]

Other Threads:
  0x000002507fab1760 VMThread "VM Thread" [stack: 0x000000d4f7400000,0x000000d4f7500000] [id=25976] _threads_hazard_ptr=0x0000025061a6ac10
  0x0000025011a69b50 WatcherThread [stack: 0x000000d4f8100000,0x000000d4f8200000] [id=27596]
  0x00000250754941e0 GCTaskThread "GC Thread#0" [stack: 0x000000d4f6f00000,0x000000d4f7000000] [id=26720]
  0x0000025058e22a10 GCTaskThread "GC Thread#1" [stack: 0x000000d4f8300000,0x000000d4f8400000] [id=23796]
  0x0000025058e22cd0 GCTaskThread "GC Thread#2" [stack: 0x000000d4f8400000,0x000000d4f8500000] [id=7560]
  0x0000025057d3b030 GCTaskThread "GC Thread#3" [stack: 0x000000d4f8500000,0x000000d4f8600000] [id=26068]
  0x0000025058b7e7a0 GCTaskThread "GC Thread#4" [stack: 0x000000d4f8600000,0x000000d4f8700000] [id=27540]
  0x0000025058e78e70 GCTaskThread "GC Thread#5" [stack: 0x000000d4f8700000,0x000000d4f8800000] [id=12548]
  0x0000025058e79c30 GCTaskThread "GC Thread#6" [stack: 0x000000d4f8800000,0x000000d4f8900000] [id=19180]
  0x0000025058e780b0 GCTaskThread "GC Thread#7" [stack: 0x000000d4f8900000,0x000000d4f8a00000] [id=27236]
  0x0000025058e78370 GCTaskThread "GC Thread#8" [stack: 0x000000d4f8a00000,0x000000d4f8b00000] [id=27140]
  0x0000025058e788f0 GCTaskThread "GC Thread#9" [stack: 0x000000d4f8b00000,0x000000d4f8c00000] [id=14320]
  0x0000025058e79970 GCTaskThread "GC Thread#10" [stack: 0x000000d4f8c00000,0x000000d4f8d00000] [id=25544]
  0x000002507549d040 ConcurrentGCThread "G1 Main Marker" [stack: 0x000000d4f7000000,0x000000d4f7100000] [id=25164]
  0x000002507f900450 ConcurrentGCThread "G1 Conc#0" [stack: 0x000000d4f7100000,0x000000d4f7200000] [id=26168]
  0x0000025059dd7960 ConcurrentGCThread "G1 Conc#1" [stack: 0x000000d4f8d00000,0x000000d4f8e00000] [id=26748]
  0x0000025059dd6ba0 ConcurrentGCThread "G1 Conc#2" [stack: 0x000000d4f8e00000,0x000000d4f8f00000] [id=27200]
  0x000002507f9ebfe0 ConcurrentGCThread "G1 Refine#0" [stack: 0x000000d4f7200000,0x000000d4f7300000] [id=5828]
  0x000002505bcce770 ConcurrentGCThread "G1 Refine#1" [stack: 0x000000d4fc200000,0x000000d4fc300000] [id=19792]
  0x000002505bcccff0 ConcurrentGCThread "G1 Refine#2" [stack: 0x000000d4fc300000,0x000000d4fc400000] [id=1860]
  0x000002507f9ef6e0 ConcurrentGCThread "G1 Service" [stack: 0x000000d4f7300000,0x000000d4f7400000] [id=23196]

Threads with active compile tasks:
C2 CompilerThread0   106615 22417       4       org.apache.spark.network.util.JavaUtils::readFully (57 bytes)
C1 CompilerThread0   106615 22426       3       org.apache.logging.log4j.core.pattern.ThrowableStackTraceRenderer::isStackTraceElementIgnored (58 bytes)
C2 CompilerThread1   106615 22397       4       java.io.ObjectStreamClass::lookup (26 bytes)

VM state: synchronizing (normal execution)

VM Mutex/Monitor currently owned by a thread:  ([mutex/lock_event])
[0x0000025072f7d300] Threads_lock - owner thread: 0x000002507fab1760
[0x0000025072f7ee00] Heap_lock - owner thread: 0x000002507549d040

OutOfMemory and StackOverflow Exception counts:
OutOfMemoryError java_heap_errors=1
LinkageErrors=982

Heap address: 0x00000000c0000000, size: 1024 MB, Compressed Oops mode: 32-bit

CDS archive(s) mapped at: [0x0000025012000000-0x0000025012bd0000-0x0000025012bd0000), size 12386304, SharedBaseAddress: 0x0000025012000000, ArchiveRelocationMode: 1.
Compressed class space mapped at: 0x0000025013000000-0x0000025053000000, reserved size: 1073741824
Narrow klass base: 0x0000025012000000, Narrow klass shift: 0, Narrow klass range: 0x100000000

GC Precious Log:
 CPUs: 14 total, 14 available
 Memory: 15804M
 Large Page Support: Disabled
 NUMA Support: Disabled
 Compressed Oops: Enabled (32-bit)
 Heap Region Size: 1M
 Heap Min Capacity: 8M
 Heap Initial Capacity: 248M
 Heap Max Capacity: 1G
 Pre-touch: Disabled
 Parallel Workers: 11
 Concurrent Workers: 3
 Concurrent Refinement Workers: 11
 Periodic GC: Disabled

Heap:
 garbage-first heap   total 1048576K, used 982865K [0x00000000c0000000, 0x0000000100000000)
  region size 1024K, 42 young (43008K), 3 survivors (3072K)
 Metaspace       used 148155K, committed 150528K, reserved 1179648K
  class space    used 19605K, committed 20608K, reserved 1048576K

Heap Regions: E=young(eden), S=young(survivor), O=old, HS=humongous(starts), HC=humongous(continues), CS=collection set, F=free, OA=open archive, CA=closed archive, TAMS=top-at-mark-start (previous, next)
|   0|0x00000000c0000000, 0x00000000c0100000, 0x00000000c0100000|100%|HS|  |TAMS 0x00000000c0100000, 0x00000000c0100000| Complete 
|   1|0x00000000c0100000, 0x00000000c0200000, 0x00000000c0200000|100%|HS|  |TAMS 0x00000000c0200000, 0x00000000c0200000| Complete 
|   2|0x00000000c0200000, 0x00000000c0300000, 0x00000000c0300000|100%|HC|  |TAMS 0x00000000c0300000, 0x00000000c0300000| Complete 
|   3|0x00000000c0300000, 0x00000000c0400000, 0x00000000c0400000|100%|HS|  |TAMS 0x00000000c0400000, 0x00000000c0400000| Complete 
|   4|0x00000000c0400000, 0x00000000c0500000, 0x00000000c0500000|100%|HC|  |TAMS 0x00000000c0500000, 0x00000000c0500000| Complete 
|   5|0x00000000c0500000, 0x00000000c0600000, 0x00000000c0600000|100%|HC|  |TAMS 0x00000000c0600000, 0x00000000c0600000| Complete 
|   6|0x00000000c0600000, 0x00000000c0700000, 0x00000000c0700000|100%|HS|  |TAMS 0x00000000c0700000, 0x00000000c0700000| Complete 
|   7|0x00000000c0700000, 0x00000000c0800000, 0x00000000c0800000|100%|HS|  |TAMS 0x00000000c0800000, 0x00000000c0800000| Complete 
|   8|0x00000000c0800000, 0x00000000c0900000, 0x00000000c0900000|100%|HS|  |TAMS 0x00000000c0900000, 0x00000000c0900000| Complete 
|   9|0x00000000c0900000, 0x00000000c0a00000, 0x00000000c0a00000|100%|HS|  |TAMS 0x00000000c0a00000, 0x00000000c0a00000| Complete 
|  10|0x00000000c0a00000, 0x00000000c0b00000, 0x00000000c0b00000|100%|HS|  |TAMS 0x00000000c0b00000, 0x00000000c0b00000| Complete 
|  11|0x00000000c0b00000, 0x00000000c0c00000, 0x00000000c0c00000|100%|HS|  |TAMS 0x00000000c0c00000, 0x00000000c0c00000| Complete 
|  12|0x00000000c0c00000, 0x00000000c0d00000, 0x00000000c0d00000|100%| O|  |TAMS 0x00000000c0d00000, 0x00000000c0d00000| Untracked 
|  13|0x00000000c0d00000, 0x00000000c0e00000, 0x00000000c0e00000|100%| O|  |TAMS 0x00000000c0e00000, 0x00000000c0e00000| Untracked 
|  14|0x00000000c0e00000, 0x00000000c0f00000, 0x00000000c0f00000|100%| O|  |TAMS 0x00000000c0f00000, 0x00000000c0f00000| Untracked 
|  15|0x00000000c0f00000, 0x00000000c1000000, 0x00000000c1000000|100%| O|  |TAMS 0x00000000c1000000, 0x00000000c1000000| Untracked 
|  16|0x00000000c1000000, 0x00000000c1100000, 0x00000000c1100000|100%| O|  |TAMS 0x00000000c1100000, 0x00000000c1100000| Untracked 
|  17|0x00000000c1100000, 0x00000000c1200000, 0x00000000c1200000|100%| O|  |TAMS 0x00000000c1200000, 0x00000000c1200000| Untracked 
|  18|0x00000000c1200000, 0x00000000c1300000, 0x00000000c1300000|100%| O|  |TAMS 0x00000000c1300000, 0x00000000c1300000| Untracked 
|  19|0x00000000c1300000, 0x00000000c1400000, 0x00000000c1400000|100%| O|  |TAMS 0x00000000c1400000, 0x00000000c1400000| Untracked 
|  20|0x00000000c1400000, 0x00000000c1500000, 0x00000000c1500000|100%| O|  |TAMS 0x00000000c1500000, 0x00000000c1500000| Untracked 
|  21|0x00000000c1500000, 0x00000000c1600000, 0x00000000c1600000|100%|HS|  |TAMS 0x00000000c1600000, 0x00000000c1600000| Complete 
|  22|0x00000000c1600000, 0x00000000c1700000, 0x00000000c1700000|100%| O|  |TAMS 0x00000000c1700000, 0x00000000c1700000| Untracked 
|  23|0x00000000c1700000, 0x00000000c1800000, 0x00000000c1800000|100%| O|  |TAMS 0x00000000c1800000, 0x00000000c1800000| Untracked 
|  24|0x00000000c1800000, 0x00000000c1900000, 0x00000000c1900000|100%|HS|  |TAMS 0x00000000c1900000, 0x00000000c1900000| Complete 
|  25|0x00000000c1900000, 0x00000000c1a00000, 0x00000000c1a00000|100%| O|  |TAMS 0x00000000c1a00000, 0x00000000c1a00000| Untracked 
|  26|0x00000000c1a00000, 0x00000000c1b00000, 0x00000000c1b00000|100%| O|  |TAMS 0x00000000c1b00000, 0x00000000c1b00000| Untracked 
|  27|0x00000000c1b00000, 0x00000000c1c00000, 0x00000000c1c00000|100%| O|  |TAMS 0x00000000c1c00000, 0x00000000c1c00000| Untracked 
|  28|0x00000000c1c00000, 0x00000000c1d00000, 0x00000000c1d00000|100%| O|  |TAMS 0x00000000c1d00000, 0x00000000c1d00000| Untracked 
|  29|0x00000000c1d00000, 0x00000000c1e00000, 0x00000000c1e00000|100%| O|  |TAMS 0x00000000c1e00000, 0x00000000c1e00000| Untracked 
|  30|0x00000000c1e00000, 0x00000000c1f00000, 0x00000000c1f00000|100%| O|  |TAMS 0x00000000c1f00000, 0x00000000c1f00000| Untracked 
|  31|0x00000000c1f00000, 0x00000000c2000000, 0x00000000c2000000|100%| O|  |TAMS 0x00000000c2000000, 0x00000000c2000000| Untracked 
|  32|0x00000000c2000000, 0x00000000c2100000, 0x00000000c2100000|100%| O|  |TAMS 0x00000000c2100000, 0x00000000c2100000| Untracked 
|  33|0x00000000c2100000, 0x00000000c2200000, 0x00000000c2200000|100%| O|  |TAMS 0x00000000c2200000, 0x00000000c2200000| Untracked 
|  34|0x00000000c2200000, 0x00000000c2300000, 0x00000000c2300000|100%| O|  |TAMS 0x00000000c2300000, 0x00000000c2300000| Untracked 
|  35|0x00000000c2300000, 0x00000000c2400000, 0x00000000c2400000|100%| O|  |TAMS 0x00000000c2400000, 0x00000000c2400000| Untracked 
|  36|0x00000000c2400000, 0x00000000c2500000, 0x00000000c2500000|100%| O|  |TAMS 0x00000000c2500000, 0x00000000c2500000| Untracked 
|  37|0x00000000c2500000, 0x00000000c2600000, 0x00000000c2600000|100%| O|  |TAMS 0x00000000c2600000, 0x00000000c2600000| Untracked 
|  38|0x00000000c2600000, 0x00000000c2700000, 0x00000000c2700000|100%| O|  |TAMS 0x00000000c2700000, 0x00000000c2700000| Untracked 
|  39|0x00000000c2700000, 0x00000000c2800000, 0x00000000c2800000|100%| O|  |TAMS 0x00000000c2800000, 0x00000000c2800000| Untracked 
|  40|0x00000000c2800000, 0x00000000c2900000, 0x00000000c2900000|100%| O|  |TAMS 0x00000000c2900000, 0x00000000c2900000| Untracked 
|  41|0x00000000c2900000, 0x00000000c2a00000, 0x00000000c2a00000|100%| O|  |TAMS 0x00000000c2a00000, 0x00000000c2a00000| Untracked 
|  42|0x00000000c2a00000, 0x00000000c2b00000, 0x00000000c2b00000|100%| O|  |TAMS 0x00000000c2b00000, 0x00000000c2b00000| Untracked 
|  43|0x00000000c2b00000, 0x00000000c2c00000, 0x00000000c2c00000|100%| O|  |TAMS 0x00000000c2c00000, 0x00000000c2c00000| Untracked 
|  44|0x00000000c2c00000, 0x00000000c2d00000, 0x00000000c2d00000|100%| O|  |TAMS 0x00000000c2d00000, 0x00000000c2d00000| Untracked 
|  45|0x00000000c2d00000, 0x00000000c2e00000, 0x00000000c2e00000|100%| O|  |TAMS 0x00000000c2e00000, 0x00000000c2e00000| Untracked 
|  46|0x00000000c2e00000, 0x00000000c2f00000, 0x00000000c2f00000|100%| O|  |TAMS 0x00000000c2f00000, 0x00000000c2f00000| Untracked 
|  47|0x00000000c2f00000, 0x00000000c3000000, 0x00000000c3000000|100%| O|  |TAMS 0x00000000c3000000, 0x00000000c3000000| Untracked 
|  48|0x00000000c3000000, 0x00000000c3100000, 0x00000000c3100000|100%|HS|  |TAMS 0x00000000c3100000, 0x00000000c3100000| Complete 
|  49|0x00000000c3100000, 0x00000000c3200000, 0x00000000c3200000|100%| O|  |TAMS 0x00000000c3200000, 0x00000000c3200000| Untracked 
|  50|0x00000000c3200000, 0x00000000c3300000, 0x00000000c3300000|100%| O|  |TAMS 0x00000000c3300000, 0x00000000c3300000| Untracked 
|  51|0x00000000c3300000, 0x00000000c3400000, 0x00000000c3400000|100%| O|  |TAMS 0x00000000c3400000, 0x00000000c3400000| Untracked 
|  52|0x00000000c3400000, 0x00000000c3500000, 0x00000000c3500000|100%| O|  |TAMS 0x00000000c3500000, 0x00000000c3500000| Untracked 
|  53|0x00000000c3500000, 0x00000000c3600000, 0x00000000c3600000|100%| O|  |TAMS 0x00000000c3600000, 0x00000000c3600000| Untracked 
|  54|0x00000000c3600000, 0x00000000c3700000, 0x00000000c3700000|100%| O|  |TAMS 0x00000000c3700000, 0x00000000c3700000| Untracked 
|  55|0x00000000c3700000, 0x00000000c3800000, 0x00000000c3800000|100%|HS|  |TAMS 0x00000000c3800000, 0x00000000c3800000| Complete 
|  56|0x00000000c3800000, 0x00000000c3900000, 0x00000000c3900000|100%| O|  |TAMS 0x00000000c3900000, 0x00000000c3900000| Untracked 
|  57|0x00000000c3900000, 0x00000000c3a00000, 0x00000000c3a00000|100%| O|  |TAMS 0x00000000c3a00000, 0x00000000c3a00000| Untracked 
|  58|0x00000000c3a00000, 0x00000000c3b00000, 0x00000000c3b00000|100%| O|  |TAMS 0x00000000c3b00000, 0x00000000c3b00000| Untracked 
|  59|0x00000000c3b00000, 0x00000000c3c00000, 0x00000000c3c00000|100%| O|  |TAMS 0x00000000c3c00000, 0x00000000c3c00000| Untracked 
|  60|0x00000000c3c00000, 0x00000000c3d00000, 0x00000000c3d00000|100%| O|  |TAMS 0x00000000c3d00000, 0x00000000c3d00000| Untracked 
|  61|0x00000000c3d00000, 0x00000000c3e00000, 0x00000000c3e00000|100%| O|  |TAMS 0x00000000c3d00000, 0x00000000c3e00000| Untracked 
|  62|0x00000000c3e00000, 0x00000000c3f00000, 0x00000000c3f00000|100%| O|  |TAMS 0x00000000c3f00000, 0x00000000c3f00000| Untracked 
|  63|0x00000000c3f00000, 0x00000000c4000000, 0x00000000c4000000|100%|HS|  |TAMS 0x00000000c4000000, 0x00000000c4000000| Complete 
|  64|0x00000000c4000000, 0x00000000c4100000, 0x00000000c4100000|100%|HS|  |TAMS 0x00000000c4100000, 0x00000000c4100000| Complete 
|  65|0x00000000c4100000, 0x00000000c4200000, 0x00000000c4200000|100%|HS|  |TAMS 0x00000000c4200000, 0x00000000c4200000| Complete 
|  66|0x00000000c4200000, 0x00000000c4300000, 0x00000000c4300000|100%| O|  |TAMS 0x00000000c4300000, 0x00000000c4300000| Untracked 
|  67|0x00000000c4300000, 0x00000000c4400000, 0x00000000c4400000|100%|HS|  |TAMS 0x00000000c4400000, 0x00000000c4400000| Complete 
|  68|0x00000000c4400000, 0x00000000c4500000, 0x00000000c4500000|100%|HC|  |TAMS 0x00000000c4500000, 0x00000000c4500000| Complete 
|  69|0x00000000c4500000, 0x00000000c4600000, 0x00000000c4600000|100%|HS|  |TAMS 0x00000000c4600000, 0x00000000c4600000| Complete 
|  70|0x00000000c4600000, 0x00000000c4700000, 0x00000000c4700000|100%|HS|  |TAMS 0x00000000c4700000, 0x00000000c4700000| Complete 
|  71|0x00000000c4700000, 0x00000000c4800000, 0x00000000c4800000|100%|HC|  |TAMS 0x00000000c4800000, 0x00000000c4800000| Complete 
|  72|0x00000000c4800000, 0x00000000c4900000, 0x00000000c4900000|100%|HS|  |TAMS 0x00000000c4900000, 0x00000000c4900000| Complete 
|  73|0x00000000c4900000, 0x00000000c4a00000, 0x00000000c4a00000|100%|HS|  |TAMS 0x00000000c4a00000, 0x00000000c4a00000| Complete 
|  74|0x00000000c4a00000, 0x00000000c4b00000, 0x00000000c4b00000|100%|HS|  |TAMS 0x00000000c4b00000, 0x00000000c4b00000| Complete 
|  75|0x00000000c4b00000, 0x00000000c4c00000, 0x00000000c4c00000|100%|HS|  |TAMS 0x00000000c4b00000, 0x00000000c4c00000| Complete 
|  76|0x00000000c4c00000, 0x00000000c4d00000, 0x00000000c4d00000|100%|HS|  |TAMS 0x00000000c4d00000, 0x00000000c4d00000| Complete 
|  77|0x00000000c4d00000, 0x00000000c4e00000, 0x00000000c4e00000|100%|HC|  |TAMS 0x00000000c4e00000, 0x00000000c4e00000| Complete 
|  78|0x00000000c4e00000, 0x00000000c4f00000, 0x00000000c4f00000|100%| O|  |TAMS 0x00000000c4f00000, 0x00000000c4f00000| Untracked 
|  79|0x00000000c4f00000, 0x00000000c5000000, 0x00000000c5000000|100%|HS|  |TAMS 0x00000000c5000000, 0x00000000c5000000| Complete 
|  80|0x00000000c5000000, 0x00000000c5100000, 0x00000000c5100000|100%|HS|  |TAMS 0x00000000c5000000, 0x00000000c5100000| Complete 
|  81|0x00000000c5100000, 0x00000000c5200000, 0x00000000c5200000|100%| O|  |TAMS 0x00000000c5200000, 0x00000000c5200000| Untracked 
|  82|0x00000000c5200000, 0x00000000c5300000, 0x00000000c5300000|100%| O|  |TAMS 0x00000000c5300000, 0x00000000c5300000| Untracked 
|  83|0x00000000c5300000, 0x00000000c5400000, 0x00000000c5400000|100%| O|  |TAMS 0x00000000c5400000, 0x00000000c5400000| Untracked 
|  84|0x00000000c5400000, 0x00000000c5500000, 0x00000000c5500000|100%| O|  |TAMS 0x00000000c5500000, 0x00000000c5500000| Untracked 
|  85|0x00000000c5500000, 0x00000000c5600000, 0x00000000c5600000|100%|HS|  |TAMS 0x00000000c5600000, 0x00000000c5600000| Complete 
|  86|0x00000000c5600000, 0x00000000c5700000, 0x00000000c5700000|100%|HC|  |TAMS 0x00000000c5700000, 0x00000000c5700000| Complete 
|  87|0x00000000c5700000, 0x00000000c5800000, 0x00000000c5800000|100%|HS|  |TAMS 0x00000000c5800000, 0x00000000c5800000| Complete 
|  88|0x00000000c5800000, 0x00000000c5900000, 0x00000000c5900000|100%|HS|  |TAMS 0x00000000c5800000, 0x00000000c5900000| Complete 
|  89|0x00000000c5900000, 0x00000000c5a00000, 0x00000000c5a00000|100%|HS|  |TAMS 0x00000000c5900000, 0x00000000c5a00000| Complete 
|  90|0x00000000c5a00000, 0x00000000c5b00000, 0x00000000c5b00000|100%| O|  |TAMS 0x00000000c5b00000, 0x00000000c5b00000| Untracked 
|  91|0x00000000c5b00000, 0x00000000c5c00000, 0x00000000c5c00000|100%| O|  |TAMS 0x00000000c5b00000, 0x00000000c5c00000| Untracked 
|  92|0x00000000c5c00000, 0x00000000c5d00000, 0x00000000c5d00000|100%| O|  |TAMS 0x00000000c5d00000, 0x00000000c5d00000| Untracked 
|  93|0x00000000c5d00000, 0x00000000c5e00000, 0x00000000c5e00000|100%|HS|  |TAMS 0x00000000c5e00000, 0x00000000c5e00000| Complete 
|  94|0x00000000c5e00000, 0x00000000c5f00000, 0x00000000c5f00000|100%| O|  |TAMS 0x00000000c5f00000, 0x00000000c5f00000| Untracked 
|  95|0x00000000c5f00000, 0x00000000c6000000, 0x00000000c6000000|100%|HS|  |TAMS 0x00000000c5f00000, 0x00000000c6000000| Complete 
|  96|0x00000000c6000000, 0x00000000c6100000, 0x00000000c6100000|100%|HS|  |TAMS 0x00000000c6100000, 0x00000000c6100000| Complete 
|  97|0x00000000c6100000, 0x00000000c6200000, 0x00000000c6200000|100%|HC|  |TAMS 0x00000000c6200000, 0x00000000c6200000| Complete 
|  98|0x00000000c6200000, 0x00000000c6300000, 0x00000000c6300000|100%| O|  |TAMS 0x00000000c6300000, 0x00000000c6300000| Untracked 
|  99|0x00000000c6300000, 0x00000000c6400000, 0x00000000c6400000|100%| O|  |TAMS 0x00000000c6400000, 0x00000000c6400000| Untracked 
| 100|0x00000000c6400000, 0x00000000c6500000, 0x00000000c6500000|100%|HS|  |TAMS 0x00000000c6400000, 0x00000000c6500000| Complete 
| 101|0x00000000c6500000, 0x00000000c6600000, 0x00000000c6600000|100%| O|  |TAMS 0x00000000c6600000, 0x00000000c6600000| Untracked 
| 102|0x00000000c6600000, 0x00000000c6700000, 0x00000000c6700000|100%| O|  |TAMS 0x00000000c6700000, 0x00000000c6700000| Untracked 
| 103|0x00000000c6700000, 0x00000000c6800000, 0x00000000c6800000|100%|HS|  |TAMS 0x00000000c6800000, 0x00000000c6800000| Complete 
| 104|0x00000000c6800000, 0x00000000c6900000, 0x00000000c6900000|100%|HS|  |TAMS 0x00000000c6900000, 0x00000000c6900000| Complete 
| 105|0x00000000c6900000, 0x00000000c6a00000, 0x00000000c6a00000|100%|HS|  |TAMS 0x00000000c6a00000, 0x00000000c6a00000| Complete 
| 106|0x00000000c6a00000, 0x00000000c6b00000, 0x00000000c6b00000|100%|HC|  |TAMS 0x00000000c6b00000, 0x00000000c6b00000| Complete 
| 107|0x00000000c6b00000, 0x00000000c6c00000, 0x00000000c6c00000|100%| O|  |TAMS 0x00000000c6c00000, 0x00000000c6c00000| Untracked 
| 108|0x00000000c6c00000, 0x00000000c6d00000, 0x00000000c6d00000|100%|HS|  |TAMS 0x00000000c6d00000, 0x00000000c6d00000| Complete 
| 109|0x00000000c6d00000, 0x00000000c6e00000, 0x00000000c6e00000|100%| O|  |TAMS 0x00000000c6e00000, 0x00000000c6e00000| Untracked 
| 110|0x00000000c6e00000, 0x00000000c6f00000, 0x00000000c6f00000|100%|HS|  |TAMS 0x00000000c6e00000, 0x00000000c6f00000| Complete 
| 111|0x00000000c6f00000, 0x00000000c7000000, 0x00000000c7000000|100%| O|  |TAMS 0x00000000c7000000, 0x00000000c7000000| Untracked 
| 112|0x00000000c7000000, 0x00000000c7100000, 0x00000000c7100000|100%|HS|  |TAMS 0x00000000c7000000, 0x00000000c7100000| Complete 
| 113|0x00000000c7100000, 0x00000000c7200000, 0x00000000c7200000|100%| O|  |TAMS 0x00000000c7200000, 0x00000000c7200000| Untracked 
| 114|0x00000000c7200000, 0x00000000c7300000, 0x00000000c7300000|100%|HS|  |TAMS 0x00000000c7300000, 0x00000000c7300000| Complete 
| 115|0x00000000c7300000, 0x00000000c7400000, 0x00000000c7400000|100%| O|  |TAMS 0x00000000c7400000, 0x00000000c7400000| Untracked 
| 116|0x00000000c7400000, 0x00000000c7500000, 0x00000000c7500000|100%| O|  |TAMS 0x00000000c7500000, 0x00000000c7500000| Untracked 
| 117|0x00000000c7500000, 0x00000000c7600000, 0x00000000c7600000|100%| O|  |TAMS 0x00000000c7600000, 0x00000000c7600000| Untracked 
| 118|0x00000000c7600000, 0x00000000c7700000, 0x00000000c7700000|100%| O|  |TAMS 0x00000000c7700000, 0x00000000c7700000| Untracked 
| 119|0x00000000c7700000, 0x00000000c7800000, 0x00000000c7800000|100%| O|  |TAMS 0x00000000c7800000, 0x00000000c7800000| Untracked 
| 120|0x00000000c7800000, 0x00000000c7900000, 0x00000000c7900000|100%| O|  |TAMS 0x00000000c7900000, 0x00000000c7900000| Untracked 
| 121|0x00000000c7900000, 0x00000000c7a00000, 0x00000000c7a00000|100%| O|  |TAMS 0x00000000c7a00000, 0x00000000c7a00000| Untracked 
| 122|0x00000000c7a00000, 0x00000000c7b00000, 0x00000000c7b00000|100%|HS|  |TAMS 0x00000000c7a00000, 0x00000000c7b00000| Complete 
| 123|0x00000000c7b00000, 0x00000000c7c00000, 0x00000000c7c00000|100%| O|  |TAMS 0x00000000c7c00000, 0x00000000c7c00000| Untracked 
| 124|0x00000000c7c00000, 0x00000000c7d00000, 0x00000000c7d00000|100%|HS|  |TAMS 0x00000000c7d00000, 0x00000000c7d00000| Complete 
| 125|0x00000000c7d00000, 0x00000000c7e00000, 0x00000000c7e00000|100%| O|  |TAMS 0x00000000c7e00000, 0x00000000c7e00000| Untracked 
| 126|0x00000000c7e00000, 0x00000000c7f00000, 0x00000000c7f00000|100%|HS|  |TAMS 0x00000000c7e00000, 0x00000000c7f00000| Complete 
| 127|0x00000000c7f00000, 0x00000000c8000000, 0x00000000c8000000|100%| O|  |TAMS 0x00000000c8000000, 0x00000000c8000000| Untracked 
| 128|0x00000000c8000000, 0x00000000c8100000, 0x00000000c8100000|100%| O|  |TAMS 0x00000000c8100000, 0x00000000c8100000| Untracked 
| 129|0x00000000c8100000, 0x00000000c8148c00, 0x00000000c8200000| 28%| O|  |TAMS 0x00000000c8100000, 0x00000000c8146400| Untracked 
| 130|0x00000000c8200000, 0x00000000c8300000, 0x00000000c8300000|100%| O|  |TAMS 0x00000000c8300000, 0x00000000c8300000| Untracked 
| 131|0x00000000c8300000, 0x00000000c8400000, 0x00000000c8400000|100%|HS|  |TAMS 0x00000000c8400000, 0x00000000c8400000| Complete 
| 132|0x00000000c8400000, 0x00000000c8500000, 0x00000000c8500000|100%|HC|  |TAMS 0x00000000c8500000, 0x00000000c8500000| Complete 
| 133|0x00000000c8500000, 0x00000000c8600000, 0x00000000c8600000|100%| O|  |TAMS 0x00000000c8600000, 0x00000000c8600000| Untracked 
| 134|0x00000000c8600000, 0x00000000c8700000, 0x00000000c8700000|100%| O|  |TAMS 0x00000000c8700000, 0x00000000c8700000| Untracked 
| 135|0x00000000c8700000, 0x00000000c8800000, 0x00000000c8800000|100%|HS|  |TAMS 0x00000000c8800000, 0x00000000c8800000| Complete 
| 136|0x00000000c8800000, 0x00000000c8900000, 0x00000000c8900000|100%|HC|  |TAMS 0x00000000c8900000, 0x00000000c8900000| Complete 
| 137|0x00000000c8900000, 0x00000000c8a00000, 0x00000000c8a00000|100%|HS|  |TAMS 0x00000000c8a00000, 0x00000000c8a00000| Complete 
| 138|0x00000000c8a00000, 0x00000000c8b00000, 0x00000000c8b00000|100%|HC|  |TAMS 0x00000000c8b00000, 0x00000000c8b00000| Complete 
| 139|0x00000000c8b00000, 0x00000000c8c00000, 0x00000000c8c00000|100%|HS|  |TAMS 0x00000000c8c00000, 0x00000000c8c00000| Complete 
| 140|0x00000000c8c00000, 0x00000000c8d00000, 0x00000000c8d00000|100%|HC|  |TAMS 0x00000000c8d00000, 0x00000000c8d00000| Complete 
| 141|0x00000000c8d00000, 0x00000000c8e00000, 0x00000000c8e00000|100%|HS|  |TAMS 0x00000000c8e00000, 0x00000000c8e00000| Complete 
| 142|0x00000000c8e00000, 0x00000000c8f00000, 0x00000000c8f00000|100%|HC|  |TAMS 0x00000000c8f00000, 0x00000000c8f00000| Complete 
| 143|0x00000000c8f00000, 0x00000000c9000000, 0x00000000c9000000|100%|HS|  |TAMS 0x00000000c8f00000, 0x00000000c8f00000| Complete 
| 144|0x00000000c9000000, 0x00000000c9100000, 0x00000000c9100000|100%|HS|  |TAMS 0x00000000c9100000, 0x00000000c9100000| Complete 
| 145|0x00000000c9100000, 0x00000000c9200000, 0x00000000c9200000|100%|HC|  |TAMS 0x00000000c9200000, 0x00000000c9200000| Complete 
| 146|0x00000000c9200000, 0x00000000c9300000, 0x00000000c9300000|100%|HS|  |TAMS 0x00000000c9300000, 0x00000000c9300000| Complete 
| 147|0x00000000c9300000, 0x00000000c9400000, 0x00000000c9400000|100%|HC|  |TAMS 0x00000000c9400000, 0x00000000c9400000| Complete 
| 148|0x00000000c9400000, 0x00000000c9500000, 0x00000000c9500000|100%|HS|  |TAMS 0x00000000c9500000, 0x00000000c9500000| Complete 
| 149|0x00000000c9500000, 0x00000000c9600000, 0x00000000c9600000|100%|HC|  |TAMS 0x00000000c9600000, 0x00000000c9600000| Complete 
| 150|0x00000000c9600000, 0x00000000c9700000, 0x00000000c9700000|100%|HS|  |TAMS 0x00000000c9600000, 0x00000000c9600000| Complete 
| 151|0x00000000c9700000, 0x00000000c9800000, 0x00000000c9800000|100%|HS|  |TAMS 0x00000000c9800000, 0x00000000c9800000| Complete 
| 152|0x00000000c9800000, 0x00000000c9900000, 0x00000000c9900000|100%|HS|  |TAMS 0x00000000c9900000, 0x00000000c9900000| Complete 
| 153|0x00000000c9900000, 0x00000000c9a00000, 0x00000000c9a00000|100%|HC|  |TAMS 0x00000000c9a00000, 0x00000000c9a00000| Complete 
| 154|0x00000000c9a00000, 0x00000000c9b00000, 0x00000000c9b00000|100%|HC|  |TAMS 0x00000000c9b00000, 0x00000000c9b00000| Complete 
| 155|0x00000000c9b00000, 0x00000000c9c00000, 0x00000000c9c00000|100%|HS|  |TAMS 0x00000000c9b00000, 0x00000000c9c00000| Complete 
| 156|0x00000000c9c00000, 0x00000000c9d00000, 0x00000000c9d00000|100%|HS|  |TAMS 0x00000000c9d00000, 0x00000000c9d00000| Complete 
| 157|0x00000000c9d00000, 0x00000000c9e00000, 0x00000000c9e00000|100%|HS|  |TAMS 0x00000000c9d00000, 0x00000000c9e00000| Complete 
| 158|0x00000000c9e00000, 0x00000000c9f00000, 0x00000000c9f00000|100%|HS|  |TAMS 0x00000000c9e00000, 0x00000000c9f00000| Complete 
| 159|0x00000000c9f00000, 0x00000000ca000000, 0x00000000ca000000|100%|HS|  |TAMS 0x00000000c9f00000, 0x00000000c9f00000| Complete 
| 160|0x00000000ca000000, 0x00000000ca100000, 0x00000000ca100000|100%| O|  |TAMS 0x00000000ca100000, 0x00000000ca100000| Untracked 
| 161|0x00000000ca100000, 0x00000000ca200000, 0x00000000ca200000|100%|HS|  |TAMS 0x00000000ca100000, 0x00000000ca200000| Complete 
| 162|0x00000000ca200000, 0x00000000ca300000, 0x00000000ca300000|100%|HC|  |TAMS 0x00000000ca200000, 0x00000000ca300000| Complete 
| 163|0x00000000ca300000, 0x00000000ca400000, 0x00000000ca400000|100%|HS|  |TAMS 0x00000000ca400000, 0x00000000ca400000| Complete 
| 164|0x00000000ca400000, 0x00000000ca500000, 0x00000000ca500000|100%|HC|  |TAMS 0x00000000ca500000, 0x00000000ca500000| Complete 
| 165|0x00000000ca500000, 0x00000000ca600000, 0x00000000ca600000|100%|HS|  |TAMS 0x00000000ca600000, 0x00000000ca600000| Complete 
| 166|0x00000000ca600000, 0x00000000ca700000, 0x00000000ca700000|100%|HC|  |TAMS 0x00000000ca700000, 0x00000000ca700000| Complete 
| 167|0x00000000ca700000, 0x00000000ca800000, 0x00000000ca800000|100%|HS|  |TAMS 0x00000000ca800000, 0x00000000ca800000| Complete 
| 168|0x00000000ca800000, 0x00000000ca900000, 0x00000000ca900000|100%|HC|  |TAMS 0x00000000ca900000, 0x00000000ca900000| Complete 
| 169|0x00000000ca900000, 0x00000000caa00000, 0x00000000caa00000|100%|HS|  |TAMS 0x00000000ca900000, 0x00000000ca900000| Complete 
| 170|0x00000000caa00000, 0x00000000cab00000, 0x00000000cab00000|100%|HS|  |TAMS 0x00000000cab00000, 0x00000000cab00000| Complete 
| 171|0x00000000cab00000, 0x00000000cac00000, 0x00000000cac00000|100%| O|  |TAMS 0x00000000cac00000, 0x00000000cac00000| Untracked 
| 172|0x00000000cac00000, 0x00000000cad00000, 0x00000000cad00000|100%|HS|  |TAMS 0x00000000cac00000, 0x00000000cac00000| Complete 
| 173|0x00000000cad00000, 0x00000000cae00000, 0x00000000cae00000|100%|HS|  |TAMS 0x00000000cae00000, 0x00000000cae00000| Complete 
| 174|0x00000000cae00000, 0x00000000caf00000, 0x00000000caf00000|100%|HS|  |TAMS 0x00000000caf00000, 0x00000000caf00000| Complete 
| 175|0x00000000caf00000, 0x00000000cb000000, 0x00000000cb000000|100%|HS|  |TAMS 0x00000000caf00000, 0x00000000cb000000| Complete 
| 176|0x00000000cb000000, 0x00000000cb100000, 0x00000000cb100000|100%|HS|  |TAMS 0x00000000cb100000, 0x00000000cb100000| Complete 
| 177|0x00000000cb100000, 0x00000000cb200000, 0x00000000cb200000|100%|HS|  |TAMS 0x00000000cb200000, 0x00000000cb200000| Complete 
| 178|0x00000000cb200000, 0x00000000cb300000, 0x00000000cb300000|100%|HC|  |TAMS 0x00000000cb300000, 0x00000000cb300000| Complete 
| 179|0x00000000cb300000, 0x00000000cb400000, 0x00000000cb400000|100%|HS|  |TAMS 0x00000000cb400000, 0x00000000cb400000| Complete 
| 180|0x00000000cb400000, 0x00000000cb500000, 0x00000000cb500000|100%|HC|  |TAMS 0x00000000cb500000, 0x00000000cb500000| Complete 
| 181|0x00000000cb500000, 0x00000000cb600000, 0x00000000cb600000|100%|HS|  |TAMS 0x00000000cb600000, 0x00000000cb600000| Complete 
| 182|0x00000000cb600000, 0x00000000cb700000, 0x00000000cb700000|100%| O|  |TAMS 0x00000000cb6e6200, 0x00000000cb700000| Untracked 
| 183|0x00000000cb700000, 0x00000000cb800000, 0x00000000cb800000|100%|HS|  |TAMS 0x00000000cb700000, 0x00000000cb700000| Complete 
| 184|0x00000000cb800000, 0x00000000cb900000, 0x00000000cb900000|100%|HS|  |TAMS 0x00000000cb800000, 0x00000000cb900000| Complete 
| 185|0x00000000cb900000, 0x00000000cba00000, 0x00000000cba00000|100%|HS|  |TAMS 0x00000000cba00000, 0x00000000cba00000| Complete 
| 186|0x00000000cba00000, 0x00000000cbb00000, 0x00000000cbb00000|100%|HC|  |TAMS 0x00000000cbb00000, 0x00000000cbb00000| Complete 
| 187|0x00000000cbb00000, 0x00000000cbc00000, 0x00000000cbc00000|100%|HS|  |TAMS 0x00000000cbb00000, 0x00000000cbb00000| Complete 
| 188|0x00000000cbc00000, 0x00000000cbd00000, 0x00000000cbd00000|100%|HS|  |TAMS 0x00000000cbd00000, 0x00000000cbd00000| Complete 
| 189|0x00000000cbd00000, 0x00000000cbe00000, 0x00000000cbe00000|100%|HC|  |TAMS 0x00000000cbe00000, 0x00000000cbe00000| Complete 
| 190|0x00000000cbe00000, 0x00000000cbe00000, 0x00000000cbf00000|  0%| F|  |TAMS 0x00000000cbe00000, 0x00000000cbe00000| Untracked 
| 191|0x00000000cbf00000, 0x00000000cc000000, 0x00000000cc000000|100%| O|  |TAMS 0x00000000cc000000, 0x00000000cc000000| Untracked 
| 192|0x00000000cc000000, 0x00000000cc100000, 0x00000000cc100000|100%|HS|  |TAMS 0x00000000cc000000, 0x00000000cc100000| Complete 
| 193|0x00000000cc100000, 0x00000000cc200000, 0x00000000cc200000|100%|HS|  |TAMS 0x00000000cc200000, 0x00000000cc200000| Complete 
| 194|0x00000000cc200000, 0x00000000cc300000, 0x00000000cc300000|100%|HC|  |TAMS 0x00000000cc300000, 0x00000000cc300000| Complete 
| 195|0x00000000cc300000, 0x00000000cc400000, 0x00000000cc400000|100%|HS|  |TAMS 0x00000000cc400000, 0x00000000cc400000| Complete 
| 196|0x00000000cc400000, 0x00000000cc500000, 0x00000000cc500000|100%|HC|  |TAMS 0x00000000cc500000, 0x00000000cc500000| Complete 
| 197|0x00000000cc500000, 0x00000000cc600000, 0x00000000cc600000|100%|HS|  |TAMS 0x00000000cc600000, 0x00000000cc600000| Complete 
| 198|0x00000000cc600000, 0x00000000cc700000, 0x00000000cc700000|100%|HC|  |TAMS 0x00000000cc700000, 0x00000000cc700000| Complete 
| 199|0x00000000cc700000, 0x00000000cc800000, 0x00000000cc800000|100%|HS|  |TAMS 0x00000000cc800000, 0x00000000cc800000| Complete 
| 200|0x00000000cc800000, 0x00000000cc900000, 0x00000000cc900000|100%|HS|  |TAMS 0x00000000cc900000, 0x00000000cc900000| Complete 
| 201|0x00000000cc900000, 0x00000000cca00000, 0x00000000cca00000|100%|HS|  |TAMS 0x00000000cca00000, 0x00000000cca00000| Complete 
| 202|0x00000000cca00000, 0x00000000ccb00000, 0x00000000ccb00000|100%|HC|  |TAMS 0x00000000ccb00000, 0x00000000ccb00000| Complete 
| 203|0x00000000ccb00000, 0x00000000ccb00000, 0x00000000ccc00000|  0%| F|  |TAMS 0x00000000ccb00000, 0x00000000ccb00000| Untracked 
| 204|0x00000000ccc00000, 0x00000000ccd00000, 0x00000000ccd00000|100%|HS|  |TAMS 0x00000000ccc00000, 0x00000000ccd00000| Complete 
| 205|0x00000000ccd00000, 0x00000000cce00000, 0x00000000cce00000|100%|HS|  |TAMS 0x00000000ccd00000, 0x00000000cce00000| Complete 
| 206|0x00000000cce00000, 0x00000000ccf00000, 0x00000000ccf00000|100%|HS|  |TAMS 0x00000000ccf00000, 0x00000000ccf00000| Complete 
| 207|0x00000000ccf00000, 0x00000000ccf00000, 0x00000000cd000000|  0%| F|  |TAMS 0x00000000ccf00000, 0x00000000ccf00000| Untracked 
| 208|0x00000000cd000000, 0x00000000cd100000, 0x00000000cd100000|100%|HS|  |TAMS 0x00000000cd100000, 0x00000000cd100000| Complete 
| 209|0x00000000cd100000, 0x00000000cd200000, 0x00000000cd200000|100%|HC|  |TAMS 0x00000000cd200000, 0x00000000cd200000| Complete 
| 210|0x00000000cd200000, 0x00000000cd300000, 0x00000000cd300000|100%| O|  |TAMS 0x00000000cd300000, 0x00000000cd300000| Untracked 
| 211|0x00000000cd300000, 0x00000000cd400000, 0x00000000cd400000|100%|HS|  |TAMS 0x00000000cd400000, 0x00000000cd400000| Complete 
| 212|0x00000000cd400000, 0x00000000cd500000, 0x00000000cd500000|100%|HC|  |TAMS 0x00000000cd500000, 0x00000000cd500000| Complete 
| 213|0x00000000cd500000, 0x00000000cd600000, 0x00000000cd600000|100%|HS|  |TAMS 0x00000000cd600000, 0x00000000cd600000| Complete 
| 214|0x00000000cd600000, 0x00000000cd700000, 0x00000000cd700000|100%|HC|  |TAMS 0x00000000cd700000, 0x00000000cd700000| Complete 
| 215|0x00000000cd700000, 0x00000000cd700000, 0x00000000cd800000|  0%| F|  |TAMS 0x00000000cd700000, 0x00000000cd700000| Untracked 
| 216|0x00000000cd800000, 0x00000000cd900000, 0x00000000cd900000|100%|HS|  |TAMS 0x00000000cd900000, 0x00000000cd900000| Complete 
| 217|0x00000000cd900000, 0x00000000cda00000, 0x00000000cda00000|100%|HC|  |TAMS 0x00000000cda00000, 0x00000000cda00000| Complete 
| 218|0x00000000cda00000, 0x00000000cdb00000, 0x00000000cdb00000|100%|HS|  |TAMS 0x00000000cdb00000, 0x00000000cdb00000| Complete 
| 219|0x00000000cdb00000, 0x00000000cdc00000, 0x00000000cdc00000|100%|HS|  |TAMS 0x00000000cdb00000, 0x00000000cdc00000| Complete 
| 220|0x00000000cdc00000, 0x00000000cdd00000, 0x00000000cdd00000|100%|HC|  |TAMS 0x00000000cdc00000, 0x00000000cdd00000| Complete 
| 221|0x00000000cdd00000, 0x00000000cde00000, 0x00000000cde00000|100%|HS|  |TAMS 0x00000000cde00000, 0x00000000cde00000| Complete 
| 222|0x00000000cde00000, 0x00000000cdf00000, 0x00000000cdf00000|100%| O|  |TAMS 0x00000000cdf00000, 0x00000000cdf00000| Untracked 
| 223|0x00000000cdf00000, 0x00000000ce000000, 0x00000000ce000000|100%|HS|  |TAMS 0x00000000cdf00000, 0x00000000ce000000| Complete 
| 224|0x00000000ce000000, 0x00000000ce100000, 0x00000000ce100000|100%|HS|  |TAMS 0x00000000ce000000, 0x00000000ce100000| Complete 
| 225|0x00000000ce100000, 0x00000000ce200000, 0x00000000ce200000|100%|HS|  |TAMS 0x00000000ce100000, 0x00000000ce100000| Complete 
| 226|0x00000000ce200000, 0x00000000ce300000, 0x00000000ce300000|100%|HC|  |TAMS 0x00000000ce200000, 0x00000000ce200000| Complete 
| 227|0x00000000ce300000, 0x00000000ce400000, 0x00000000ce400000|100%|HS|  |TAMS 0x00000000ce300000, 0x00000000ce300000| Complete 
| 228|0x00000000ce400000, 0x00000000ce500000, 0x00000000ce500000|100%|HC|  |TAMS 0x00000000ce400000, 0x00000000ce400000| Complete 
| 229|0x00000000ce500000, 0x00000000ce600000, 0x00000000ce600000|100%|HS|  |TAMS 0x00000000ce600000, 0x00000000ce600000| Complete 
| 230|0x00000000ce600000, 0x00000000ce700000, 0x00000000ce700000|100%|HS|  |TAMS 0x00000000ce600000, 0x00000000ce700000| Complete 
| 231|0x00000000ce700000, 0x00000000ce800000, 0x00000000ce800000|100%|HS|  |TAMS 0x00000000ce800000, 0x00000000ce800000| Complete 
| 232|0x00000000ce800000, 0x00000000ce900000, 0x00000000ce900000|100%|HC|  |TAMS 0x00000000ce900000, 0x00000000ce900000| Complete 
| 233|0x00000000ce900000, 0x00000000cea00000, 0x00000000cea00000|100%|HC|  |TAMS 0x00000000cea00000, 0x00000000cea00000| Complete 
| 234|0x00000000cea00000, 0x00000000ceb00000, 0x00000000ceb00000|100%|HS|  |TAMS 0x00000000cea00000, 0x00000000cea00000| Complete 
| 235|0x00000000ceb00000, 0x00000000cec00000, 0x00000000cec00000|100%|HC|  |TAMS 0x00000000ceb00000, 0x00000000ceb00000| Complete 
| 236|0x00000000cec00000, 0x00000000cec00000, 0x00000000ced00000|  0%| F|  |TAMS 0x00000000cec00000, 0x00000000cec00000| Untracked 
| 237|0x00000000ced00000, 0x00000000cee00000, 0x00000000cee00000|100%|HS|  |TAMS 0x00000000cee00000, 0x00000000cee00000| Complete 
| 238|0x00000000cee00000, 0x00000000cef00000, 0x00000000cef00000|100%|HC|  |TAMS 0x00000000cef00000, 0x00000000cef00000| Complete 
| 239|0x00000000cef00000, 0x00000000cf000000, 0x00000000cf000000|100%|HS|  |TAMS 0x00000000cf000000, 0x00000000cf000000| Complete 
| 240|0x00000000cf000000, 0x00000000cf100000, 0x00000000cf100000|100%|HS|  |TAMS 0x00000000cf100000, 0x00000000cf100000| Complete 
| 241|0x00000000cf100000, 0x00000000cf100000, 0x00000000cf200000|  0%| F|  |TAMS 0x00000000cf100000, 0x00000000cf100000| Untracked 
| 242|0x00000000cf200000, 0x00000000cf300000, 0x00000000cf300000|100%|HS|  |TAMS 0x00000000cf300000, 0x00000000cf300000| Complete 
| 243|0x00000000cf300000, 0x00000000cf400000, 0x00000000cf400000|100%|HC|  |TAMS 0x00000000cf400000, 0x00000000cf400000| Complete 
| 244|0x00000000cf400000, 0x00000000cf500000, 0x00000000cf500000|100%|HC|  |TAMS 0x00000000cf500000, 0x00000000cf500000| Complete 
| 245|0x00000000cf500000, 0x00000000cf500000, 0x00000000cf600000|  0%| F|  |TAMS 0x00000000cf500000, 0x00000000cf500000| Untracked 
| 246|0x00000000cf600000, 0x00000000cf700000, 0x00000000cf700000|100%|HS|  |TAMS 0x00000000cf600000, 0x00000000cf700000| Complete 
| 247|0x00000000cf700000, 0x00000000cf800000, 0x00000000cf800000|100%|HS|  |TAMS 0x00000000cf800000, 0x00000000cf800000| Complete 
| 248|0x00000000cf800000, 0x00000000cf900000, 0x00000000cf900000|100%|HC|  |TAMS 0x00000000cf900000, 0x00000000cf900000| Complete 
| 249|0x00000000cf900000, 0x00000000cfa00000, 0x00000000cfa00000|100%|HS|  |TAMS 0x00000000cf900000, 0x00000000cfa00000| Complete 
| 250|0x00000000cfa00000, 0x00000000cfb00000, 0x00000000cfb00000|100%|HS|  |TAMS 0x00000000cfb00000, 0x00000000cfb00000| Complete 
| 251|0x00000000cfb00000, 0x00000000cfc00000, 0x00000000cfc00000|100%|HS|  |TAMS 0x00000000cfc00000, 0x00000000cfc00000| Complete 
| 252|0x00000000cfc00000, 0x00000000cfd00000, 0x00000000cfd00000|100%|HC|  |TAMS 0x00000000cfd00000, 0x00000000cfd00000| Complete 
| 253|0x00000000cfd00000, 0x00000000cfe00000, 0x00000000cfe00000|100%|HS|  |TAMS 0x00000000cfe00000, 0x00000000cfe00000| Complete 
| 254|0x00000000cfe00000, 0x00000000cfe00000, 0x00000000cff00000|  0%| F|  |TAMS 0x00000000cfe00000, 0x00000000cfe00000| Untracked 
| 255|0x00000000cff00000, 0x00000000d0000000, 0x00000000d0000000|100%|HS|  |TAMS 0x00000000cff00000, 0x00000000d0000000| Complete 
| 256|0x00000000d0000000, 0x00000000d0100000, 0x00000000d0100000|100%|HS|  |TAMS 0x00000000d0100000, 0x00000000d0100000| Complete 
| 257|0x00000000d0100000, 0x00000000d0200000, 0x00000000d0200000|100%|HC|  |TAMS 0x00000000d0200000, 0x00000000d0200000| Complete 
| 258|0x00000000d0200000, 0x00000000d0300000, 0x00000000d0300000|100%|HS|  |TAMS 0x00000000d0200000, 0x00000000d0200000| Complete 
| 259|0x00000000d0300000, 0x00000000d0400000, 0x00000000d0400000|100%|HC|  |TAMS 0x00000000d0300000, 0x00000000d0300000| Complete 
| 260|0x00000000d0400000, 0x00000000d0400000, 0x00000000d0500000|  0%| F|  |TAMS 0x00000000d0400000, 0x00000000d0400000| Untracked 
| 261|0x00000000d0500000, 0x00000000d0600000, 0x00000000d0600000|100%|HS|  |TAMS 0x00000000d0600000, 0x00000000d0600000| Complete 
| 262|0x00000000d0600000, 0x00000000d0700000, 0x00000000d0700000|100%|HC|  |TAMS 0x00000000d0700000, 0x00000000d0700000| Complete 
| 263|0x00000000d0700000, 0x00000000d0800000, 0x00000000d0800000|100%|HS|  |TAMS 0x00000000d0700000, 0x00000000d0800000| Complete 
| 264|0x00000000d0800000, 0x00000000d0900000, 0x00000000d0900000|100%|HS|  |TAMS 0x00000000d0800000, 0x00000000d0800000| Complete 
| 265|0x00000000d0900000, 0x00000000d0a00000, 0x00000000d0a00000|100%|HC|  |TAMS 0x00000000d0900000, 0x00000000d0900000| Complete 
| 266|0x00000000d0a00000, 0x00000000d0b00000, 0x00000000d0b00000|100%|HS|  |TAMS 0x00000000d0b00000, 0x00000000d0b00000| Complete 
| 267|0x00000000d0b00000, 0x00000000d0c00000, 0x00000000d0c00000|100%|HC|  |TAMS 0x00000000d0c00000, 0x00000000d0c00000| Complete 
| 268|0x00000000d0c00000, 0x00000000d0d00000, 0x00000000d0d00000|100%|HC|  |TAMS 0x00000000d0d00000, 0x00000000d0d00000| Complete 
| 269|0x00000000d0d00000, 0x00000000d0d00000, 0x00000000d0e00000|  0%| F|  |TAMS 0x00000000d0d00000, 0x00000000d0d00000| Untracked 
| 270|0x00000000d0e00000, 0x00000000d0f00000, 0x00000000d0f00000|100%|HS|  |TAMS 0x00000000d0f00000, 0x00000000d0f00000| Complete 
| 271|0x00000000d0f00000, 0x00000000d1000000, 0x00000000d1000000|100%|HC|  |TAMS 0x00000000d1000000, 0x00000000d1000000| Complete 
| 272|0x00000000d1000000, 0x00000000d1100000, 0x00000000d1100000|100%|HS|  |TAMS 0x00000000d1000000, 0x00000000d1000000| Complete 
| 273|0x00000000d1100000, 0x00000000d1200000, 0x00000000d1200000|100%|HC|  |TAMS 0x00000000d1100000, 0x00000000d1100000| Complete 
| 274|0x00000000d1200000, 0x00000000d1200000, 0x00000000d1300000|  0%| F|  |TAMS 0x00000000d1200000, 0x00000000d1200000| Untracked 
| 275|0x00000000d1300000, 0x00000000d1400000, 0x00000000d1400000|100%|HS|  |TAMS 0x00000000d1400000, 0x00000000d1400000| Complete 
| 276|0x00000000d1400000, 0x00000000d1500000, 0x00000000d1500000|100%|HS|  |TAMS 0x00000000d1500000, 0x00000000d1500000| Complete 
| 277|0x00000000d1500000, 0x00000000d1600000, 0x00000000d1600000|100%|HC|  |TAMS 0x00000000d1600000, 0x00000000d1600000| Complete 
| 278|0x00000000d1600000, 0x00000000d1700000, 0x00000000d1700000|100%|HC|  |TAMS 0x00000000d1700000, 0x00000000d1700000| Complete 
| 279|0x00000000d1700000, 0x00000000d1800000, 0x00000000d1800000|100%|HS|  |TAMS 0x00000000d1800000, 0x00000000d1800000| Complete 
| 280|0x00000000d1800000, 0x00000000d1900000, 0x00000000d1900000|100%|HC|  |TAMS 0x00000000d1900000, 0x00000000d1900000| Complete 
| 281|0x00000000d1900000, 0x00000000d1a00000, 0x00000000d1a00000|100%|HC|  |TAMS 0x00000000d1a00000, 0x00000000d1a00000| Complete 
| 282|0x00000000d1a00000, 0x00000000d1a00000, 0x00000000d1b00000|  0%| F|  |TAMS 0x00000000d1a00000, 0x00000000d1a00000| Untracked 
| 283|0x00000000d1b00000, 0x00000000d1c00000, 0x00000000d1c00000|100%|HS|  |TAMS 0x00000000d1c00000, 0x00000000d1c00000| Complete 
| 284|0x00000000d1c00000, 0x00000000d1d00000, 0x00000000d1d00000|100%|HS|  |TAMS 0x00000000d1c00000, 0x00000000d1d00000| Complete 
| 285|0x00000000d1d00000, 0x00000000d1e00000, 0x00000000d1e00000|100%|HC|  |TAMS 0x00000000d1d00000, 0x00000000d1e00000| Complete 
| 286|0x00000000d1e00000, 0x00000000d1f00000, 0x00000000d1f00000|100%|HS|  |TAMS 0x00000000d1f00000, 0x00000000d1f00000| Complete 
| 287|0x00000000d1f00000, 0x00000000d2000000, 0x00000000d2000000|100%|HS|  |TAMS 0x00000000d1f00000, 0x00000000d1f00000| Complete 
| 288|0x00000000d2000000, 0x00000000d2100000, 0x00000000d2100000|100%|HC|  |TAMS 0x00000000d2000000, 0x00000000d2000000| Complete 
| 289|0x00000000d2100000, 0x00000000d2200000, 0x00000000d2200000|100%|HS|  |TAMS 0x00000000d2200000, 0x00000000d2200000| Complete 
| 290|0x00000000d2200000, 0x00000000d2300000, 0x00000000d2300000|100%|HC|  |TAMS 0x00000000d2300000, 0x00000000d2300000| Complete 
| 291|0x00000000d2300000, 0x00000000d2400000, 0x00000000d2400000|100%|HS|  |TAMS 0x00000000d2300000, 0x00000000d2300000| Complete 
| 292|0x00000000d2400000, 0x00000000d2500000, 0x00000000d2500000|100%|HC|  |TAMS 0x00000000d2400000, 0x00000000d2400000| Complete 
| 293|0x00000000d2500000, 0x00000000d2600000, 0x00000000d2600000|100%|HS|  |TAMS 0x00000000d2600000, 0x00000000d2600000| Complete 
| 294|0x00000000d2600000, 0x00000000d2700000, 0x00000000d2700000|100%|HC|  |TAMS 0x00000000d2700000, 0x00000000d2700000| Complete 
| 295|0x00000000d2700000, 0x00000000d2800000, 0x00000000d2800000|100%|HS|  |TAMS 0x00000000d2800000, 0x00000000d2800000| Complete 
| 296|0x00000000d2800000, 0x00000000d2900000, 0x00000000d2900000|100%|HC|  |TAMS 0x00000000d2900000, 0x00000000d2900000| Complete 
| 297|0x00000000d2900000, 0x00000000d2a00000, 0x00000000d2a00000|100%|HS|  |TAMS 0x00000000d2a00000, 0x00000000d2a00000| Complete 
| 298|0x00000000d2a00000, 0x00000000d2b00000, 0x00000000d2b00000|100%|HC|  |TAMS 0x00000000d2b00000, 0x00000000d2b00000| Complete 
| 299|0x00000000d2b00000, 0x00000000d2c00000, 0x00000000d2c00000|100%|HC|  |TAMS 0x00000000d2c00000, 0x00000000d2c00000| Complete 
| 300|0x00000000d2c00000, 0x00000000d2d00000, 0x00000000d2d00000|100%|HS|  |TAMS 0x00000000d2d00000, 0x00000000d2d00000| Complete 
| 301|0x00000000d2d00000, 0x00000000d2e00000, 0x00000000d2e00000|100%|HS|  |TAMS 0x00000000d2e00000, 0x00000000d2e00000| Complete 
| 302|0x00000000d2e00000, 0x00000000d2f00000, 0x00000000d2f00000|100%|HC|  |TAMS 0x00000000d2f00000, 0x00000000d2f00000| Complete 
| 303|0x00000000d2f00000, 0x00000000d3000000, 0x00000000d3000000|100%|HS|  |TAMS 0x00000000d3000000, 0x00000000d3000000| Complete 
| 304|0x00000000d3000000, 0x00000000d3100000, 0x00000000d3100000|100%|HC|  |TAMS 0x00000000d3100000, 0x00000000d3100000| Complete 
| 305|0x00000000d3100000, 0x00000000d3200000, 0x00000000d3200000|100%|HS|  |TAMS 0x00000000d3200000, 0x00000000d3200000| Complete 
| 306|0x00000000d3200000, 0x00000000d3300000, 0x00000000d3300000|100%|HS|  |TAMS 0x00000000d3300000, 0x00000000d3300000| Complete 
| 307|0x00000000d3300000, 0x00000000d3300000, 0x00000000d3400000|  0%| F|  |TAMS 0x00000000d3300000, 0x00000000d3300000| Untracked 
| 308|0x00000000d3400000, 0x00000000d3500000, 0x00000000d3500000|100%|HS|  |TAMS 0x00000000d3500000, 0x00000000d3500000| Complete 
| 309|0x00000000d3500000, 0x00000000d3600000, 0x00000000d3600000|100%|HC|  |TAMS 0x00000000d3600000, 0x00000000d3600000| Complete 
| 310|0x00000000d3600000, 0x00000000d3700000, 0x00000000d3700000|100%|HC|  |TAMS 0x00000000d3700000, 0x00000000d3700000| Complete 
| 311|0x00000000d3700000, 0x00000000d3800000, 0x00000000d3800000|100%|HS|  |TAMS 0x00000000d3800000, 0x00000000d3800000| Complete 
| 312|0x00000000d3800000, 0x00000000d3900000, 0x00000000d3900000|100%|HC|  |TAMS 0x00000000d3900000, 0x00000000d3900000| Complete 
| 313|0x00000000d3900000, 0x00000000d3a00000, 0x00000000d3a00000|100%|HS|  |TAMS 0x00000000d3a00000, 0x00000000d3a00000| Complete 
| 314|0x00000000d3a00000, 0x00000000d3b00000, 0x00000000d3b00000|100%|HC|  |TAMS 0x00000000d3b00000, 0x00000000d3b00000| Complete 
| 315|0x00000000d3b00000, 0x00000000d3c00000, 0x00000000d3c00000|100%|HS|  |TAMS 0x00000000d3b00000, 0x00000000d3c00000| Complete 
| 316|0x00000000d3c00000, 0x00000000d3d00000, 0x00000000d3d00000|100%|HC|  |TAMS 0x00000000d3c00000, 0x00000000d3d00000| Complete 
| 317|0x00000000d3d00000, 0x00000000d3e00000, 0x00000000d3e00000|100%|HS|  |TAMS 0x00000000d3e00000, 0x00000000d3e00000| Complete 
| 318|0x00000000d3e00000, 0x00000000d3f00000, 0x00000000d3f00000|100%|HS|  |TAMS 0x00000000d3f00000, 0x00000000d3f00000| Complete 
| 319|0x00000000d3f00000, 0x00000000d4000000, 0x00000000d4000000|100%|HC|  |TAMS 0x00000000d4000000, 0x00000000d4000000| Complete 
| 320|0x00000000d4000000, 0x00000000d4100000, 0x00000000d4100000|100%|HC|  |TAMS 0x00000000d4100000, 0x00000000d4100000| Complete 
| 321|0x00000000d4100000, 0x00000000d4200000, 0x00000000d4200000|100%|HS|  |TAMS 0x00000000d4100000, 0x00000000d4200000| Complete 
| 322|0x00000000d4200000, 0x00000000d4300000, 0x00000000d4300000|100%|HC|  |TAMS 0x00000000d4200000, 0x00000000d4300000| Complete 
| 323|0x00000000d4300000, 0x00000000d4300000, 0x00000000d4400000|  0%| F|  |TAMS 0x00000000d4300000, 0x00000000d4300000| Untracked 
| 324|0x00000000d4400000, 0x00000000d4500000, 0x00000000d4500000|100%|HS|  |TAMS 0x00000000d4500000, 0x00000000d4500000| Complete 
| 325|0x00000000d4500000, 0x00000000d4600000, 0x00000000d4600000|100%|HC|  |TAMS 0x00000000d4600000, 0x00000000d4600000| Complete 
| 326|0x00000000d4600000, 0x00000000d4700000, 0x00000000d4700000|100%|HS|  |TAMS 0x00000000d4700000, 0x00000000d4700000| Complete 
| 327|0x00000000d4700000, 0x00000000d4800000, 0x00000000d4800000|100%|HS|  |TAMS 0x00000000d4800000, 0x00000000d4800000| Complete 
| 328|0x00000000d4800000, 0x00000000d4900000, 0x00000000d4900000|100%|HC|  |TAMS 0x00000000d4900000, 0x00000000d4900000| Complete 
| 329|0x00000000d4900000, 0x00000000d4a00000, 0x00000000d4a00000|100%|HS|  |TAMS 0x00000000d4a00000, 0x00000000d4a00000| Complete 
| 330|0x00000000d4a00000, 0x00000000d4b00000, 0x00000000d4b00000|100%|HC|  |TAMS 0x00000000d4b00000, 0x00000000d4b00000| Complete 
| 331|0x00000000d4b00000, 0x00000000d4b00000, 0x00000000d4c00000|  0%| F|  |TAMS 0x00000000d4b00000, 0x00000000d4b00000| Untracked 
| 332|0x00000000d4c00000, 0x00000000d4d00000, 0x00000000d4d00000|100%|HS|  |TAMS 0x00000000d4d00000, 0x00000000d4d00000| Complete 
| 333|0x00000000d4d00000, 0x00000000d4e00000, 0x00000000d4e00000|100%|HS|  |TAMS 0x00000000d4e00000, 0x00000000d4e00000| Complete 
| 334|0x00000000d4e00000, 0x00000000d4f00000, 0x00000000d4f00000|100%|HC|  |TAMS 0x00000000d4f00000, 0x00000000d4f00000| Complete 
| 335|0x00000000d4f00000, 0x00000000d5000000, 0x00000000d5000000|100%|HS|  |TAMS 0x00000000d4f00000, 0x00000000d4f00000| Complete 
| 336|0x00000000d5000000, 0x00000000d5100000, 0x00000000d5100000|100%|HC|  |TAMS 0x00000000d5000000, 0x00000000d5000000| Complete 
| 337|0x00000000d5100000, 0x00000000d5200000, 0x00000000d5200000|100%|HS|  |TAMS 0x00000000d5200000, 0x00000000d5200000| Complete 
| 338|0x00000000d5200000, 0x00000000d5300000, 0x00000000d5300000|100%|HC|  |TAMS 0x00000000d5300000, 0x00000000d5300000| Complete 
| 339|0x00000000d5300000, 0x00000000d5400000, 0x00000000d5400000|100%|HC|  |TAMS 0x00000000d5400000, 0x00000000d5400000| Complete 
| 340|0x00000000d5400000, 0x00000000d5400000, 0x00000000d5500000|  0%| F|  |TAMS 0x00000000d5400000, 0x00000000d5400000| Untracked 
| 341|0x00000000d5500000, 0x00000000d5600000, 0x00000000d5600000|100%|HS|  |TAMS 0x00000000d5600000, 0x00000000d5600000| Complete 
| 342|0x00000000d5600000, 0x00000000d5700000, 0x00000000d5700000|100%|HC|  |TAMS 0x00000000d5700000, 0x00000000d5700000| Complete 
| 343|0x00000000d5700000, 0x00000000d5800000, 0x00000000d5800000|100%|HC|  |TAMS 0x00000000d5800000, 0x00000000d5800000| Complete 
| 344|0x00000000d5800000, 0x00000000d5900000, 0x00000000d5900000|100%|HC|  |TAMS 0x00000000d5900000, 0x00000000d5900000| Complete 
| 345|0x00000000d5900000, 0x00000000d5a00000, 0x00000000d5a00000|100%|HC|  |TAMS 0x00000000d5a00000, 0x00000000d5a00000| Complete 
| 346|0x00000000d5a00000, 0x00000000d5b00000, 0x00000000d5b00000|100%|HS|  |TAMS 0x00000000d5b00000, 0x00000000d5b00000| Complete 
| 347|0x00000000d5b00000, 0x00000000d5c00000, 0x00000000d5c00000|100%|HC|  |TAMS 0x00000000d5c00000, 0x00000000d5c00000| Complete 
| 348|0x00000000d5c00000, 0x00000000d5d00000, 0x00000000d5d00000|100%|HS|  |TAMS 0x00000000d5d00000, 0x00000000d5d00000| Complete 
| 349|0x00000000d5d00000, 0x00000000d5e00000, 0x00000000d5e00000|100%|HS|  |TAMS 0x00000000d5e00000, 0x00000000d5e00000| Complete 
| 350|0x00000000d5e00000, 0x00000000d5f00000, 0x00000000d5f00000|100%|HC|  |TAMS 0x00000000d5f00000, 0x00000000d5f00000| Complete 
| 351|0x00000000d5f00000, 0x00000000d6000000, 0x00000000d6000000|100%|HC|  |TAMS 0x00000000d6000000, 0x00000000d6000000| Complete 
| 352|0x00000000d6000000, 0x00000000d6100000, 0x00000000d6100000|100%|HC|  |TAMS 0x00000000d6100000, 0x00000000d6100000| Complete 
| 353|0x00000000d6100000, 0x00000000d6200000, 0x00000000d6200000|100%|HC|  |TAMS 0x00000000d6200000, 0x00000000d6200000| Complete 
| 354|0x00000000d6200000, 0x00000000d6300000, 0x00000000d6300000|100%|HS|  |TAMS 0x00000000d6200000, 0x00000000d6200000| Complete 
| 355|0x00000000d6300000, 0x00000000d6400000, 0x00000000d6400000|100%|HC|  |TAMS 0x00000000d6300000, 0x00000000d6300000| Complete 
| 356|0x00000000d6400000, 0x00000000d6500000, 0x00000000d6500000|100%|HS|  |TAMS 0x00000000d6500000, 0x00000000d6500000| Complete 
| 357|0x00000000d6500000, 0x00000000d6600000, 0x00000000d6600000|100%|HC|  |TAMS 0x00000000d6600000, 0x00000000d6600000| Complete 
| 358|0x00000000d6600000, 0x00000000d6700000, 0x00000000d6700000|100%|HC|  |TAMS 0x00000000d6700000, 0x00000000d6700000| Complete 
| 359|0x00000000d6700000, 0x00000000d6700000, 0x00000000d6800000|  0%| F|  |TAMS 0x00000000d6700000, 0x00000000d6700000| Untracked 
| 360|0x00000000d6800000, 0x00000000d6900000, 0x00000000d6900000|100%|HS|  |TAMS 0x00000000d6900000, 0x00000000d6900000| Complete 
| 361|0x00000000d6900000, 0x00000000d6a00000, 0x00000000d6a00000|100%|HC|  |TAMS 0x00000000d6a00000, 0x00000000d6a00000| Complete 
| 362|0x00000000d6a00000, 0x00000000d6b00000, 0x00000000d6b00000|100%|HS|  |TAMS 0x00000000d6b00000, 0x00000000d6b00000| Complete 
| 363|0x00000000d6b00000, 0x00000000d6c00000, 0x00000000d6c00000|100%|HC|  |TAMS 0x00000000d6c00000, 0x00000000d6c00000| Complete 
| 364|0x00000000d6c00000, 0x00000000d6d00000, 0x00000000d6d00000|100%|HS|  |TAMS 0x00000000d6d00000, 0x00000000d6d00000| Complete 
| 365|0x00000000d6d00000, 0x00000000d6e00000, 0x00000000d6e00000|100%|HC|  |TAMS 0x00000000d6e00000, 0x00000000d6e00000| Complete 
| 366|0x00000000d6e00000, 0x00000000d6f00000, 0x00000000d6f00000|100%|HC|  |TAMS 0x00000000d6f00000, 0x00000000d6f00000| Complete 
| 367|0x00000000d6f00000, 0x00000000d7000000, 0x00000000d7000000|100%|HC|  |TAMS 0x00000000d7000000, 0x00000000d7000000| Complete 
| 368|0x00000000d7000000, 0x00000000d7100000, 0x00000000d7100000|100%|HC|  |TAMS 0x00000000d7100000, 0x00000000d7100000| Complete 
| 369|0x00000000d7100000, 0x00000000d7100000, 0x00000000d7200000|  0%| F|  |TAMS 0x00000000d7100000, 0x00000000d7100000| Untracked 
| 370|0x00000000d7200000, 0x00000000d7300000, 0x00000000d7300000|100%|HS|  |TAMS 0x00000000d7300000, 0x00000000d7300000| Complete 
| 371|0x00000000d7300000, 0x00000000d7400000, 0x00000000d7400000|100%|HC|  |TAMS 0x00000000d7400000, 0x00000000d7400000| Complete 
| 372|0x00000000d7400000, 0x00000000d7500000, 0x00000000d7500000|100%|HS|  |TAMS 0x00000000d7400000, 0x00000000d7400000| Complete 
| 373|0x00000000d7500000, 0x00000000d7600000, 0x00000000d7600000|100%|HC|  |TAMS 0x00000000d7500000, 0x00000000d7500000| Complete 
| 374|0x00000000d7600000, 0x00000000d7700000, 0x00000000d7700000|100%|HS|  |TAMS 0x00000000d7700000, 0x00000000d7700000| Complete 
| 375|0x00000000d7700000, 0x00000000d7700000, 0x00000000d7800000|  0%| F|  |TAMS 0x00000000d7700000, 0x00000000d7700000| Untracked 
| 376|0x00000000d7800000, 0x00000000d7900000, 0x00000000d7900000|100%|HS|  |TAMS 0x00000000d7900000, 0x00000000d7900000| Complete 
| 377|0x00000000d7900000, 0x00000000d7a00000, 0x00000000d7a00000|100%|HS|  |TAMS 0x00000000d7a00000, 0x00000000d7a00000| Complete 
| 378|0x00000000d7a00000, 0x00000000d7b00000, 0x00000000d7b00000|100%|HC|  |TAMS 0x00000000d7b00000, 0x00000000d7b00000| Complete 
| 379|0x00000000d7b00000, 0x00000000d7c00000, 0x00000000d7c00000|100%|HS|  |TAMS 0x00000000d7c00000, 0x00000000d7c00000| Complete 
| 380|0x00000000d7c00000, 0x00000000d7d00000, 0x00000000d7d00000|100%|HC|  |TAMS 0x00000000d7d00000, 0x00000000d7d00000| Complete 
| 381|0x00000000d7d00000, 0x00000000d7e00000, 0x00000000d7e00000|100%|HS|  |TAMS 0x00000000d7e00000, 0x00000000d7e00000| Complete 
| 382|0x00000000d7e00000, 0x00000000d7f00000, 0x00000000d7f00000|100%|HC|  |TAMS 0x00000000d7f00000, 0x00000000d7f00000| Complete 
| 383|0x00000000d7f00000, 0x00000000d8000000, 0x00000000d8000000|100%|HS|  |TAMS 0x00000000d8000000, 0x00000000d8000000| Complete 
| 384|0x00000000d8000000, 0x00000000d8000000, 0x00000000d8100000|  0%| F|  |TAMS 0x00000000d8000000, 0x00000000d8000000| Untracked 
| 385|0x00000000d8100000, 0x00000000d8200000, 0x00000000d8200000|100%|HS|  |TAMS 0x00000000d8200000, 0x00000000d8200000| Complete 
| 386|0x00000000d8200000, 0x00000000d8300000, 0x00000000d8300000|100%|HS|  |TAMS 0x00000000d8300000, 0x00000000d8300000| Complete 
| 387|0x00000000d8300000, 0x00000000d8400000, 0x00000000d8400000|100%|HC|  |TAMS 0x00000000d8400000, 0x00000000d8400000| Complete 
| 388|0x00000000d8400000, 0x00000000d8500000, 0x00000000d8500000|100%|HS|  |TAMS 0x00000000d8500000, 0x00000000d8500000| Complete 
| 389|0x00000000d8500000, 0x00000000d8600000, 0x00000000d8600000|100%|HS|  |TAMS 0x00000000d8600000, 0x00000000d8600000| Complete 
| 390|0x00000000d8600000, 0x00000000d8700000, 0x00000000d8700000|100%|HC|  |TAMS 0x00000000d8700000, 0x00000000d8700000| Complete 
| 391|0x00000000d8700000, 0x00000000d8700000, 0x00000000d8800000|  0%| F|  |TAMS 0x00000000d8700000, 0x00000000d8700000| Untracked 
| 392|0x00000000d8800000, 0x00000000d8900000, 0x00000000d8900000|100%|HS|  |TAMS 0x00000000d8900000, 0x00000000d8900000| Complete 
| 393|0x00000000d8900000, 0x00000000d8a00000, 0x00000000d8a00000|100%|HC|  |TAMS 0x00000000d8a00000, 0x00000000d8a00000| Complete 
| 394|0x00000000d8a00000, 0x00000000d8b00000, 0x00000000d8b00000|100%|HS|  |TAMS 0x00000000d8b00000, 0x00000000d8b00000| Complete 
| 395|0x00000000d8b00000, 0x00000000d8c00000, 0x00000000d8c00000|100%|HC|  |TAMS 0x00000000d8c00000, 0x00000000d8c00000| Complete 
| 396|0x00000000d8c00000, 0x00000000d8d00000, 0x00000000d8d00000|100%|HS|  |TAMS 0x00000000d8d00000, 0x00000000d8d00000| Complete 
| 397|0x00000000d8d00000, 0x00000000d8e00000, 0x00000000d8e00000|100%|HC|  |TAMS 0x00000000d8e00000, 0x00000000d8e00000| Complete 
| 398|0x00000000d8e00000, 0x00000000d8f00000, 0x00000000d8f00000|100%|HS|  |TAMS 0x00000000d8f00000, 0x00000000d8f00000| Complete 
| 399|0x00000000d8f00000, 0x00000000d9000000, 0x00000000d9000000|100%|HC|  |TAMS 0x00000000d9000000, 0x00000000d9000000| Complete 
| 400|0x00000000d9000000, 0x00000000d9000000, 0x00000000d9100000|  0%| F|  |TAMS 0x00000000d9000000, 0x00000000d9000000| Untracked 
| 401|0x00000000d9100000, 0x00000000d9200000, 0x00000000d9200000|100%|HS|  |TAMS 0x00000000d9200000, 0x00000000d9200000| Complete 
| 402|0x00000000d9200000, 0x00000000d9300000, 0x00000000d9300000|100%|HS|  |TAMS 0x00000000d9300000, 0x00000000d9300000| Complete 
| 403|0x00000000d9300000, 0x00000000d9300000, 0x00000000d9400000|  0%| F|  |TAMS 0x00000000d9300000, 0x00000000d9300000| Untracked 
| 404|0x00000000d9400000, 0x00000000d9500000, 0x00000000d9500000|100%|HS|  |TAMS 0x00000000d9500000, 0x00000000d9500000| Complete 
| 405|0x00000000d9500000, 0x00000000d9600000, 0x00000000d9600000|100%|HS|  |TAMS 0x00000000d9600000, 0x00000000d9600000| Complete 
| 406|0x00000000d9600000, 0x00000000d9700000, 0x00000000d9700000|100%|HC|  |TAMS 0x00000000d9700000, 0x00000000d9700000| Complete 
| 407|0x00000000d9700000, 0x00000000d9800000, 0x00000000d9800000|100%|HS|  |TAMS 0x00000000d9800000, 0x00000000d9800000| Complete 
| 408|0x00000000d9800000, 0x00000000d9900000, 0x00000000d9900000|100%|HC|  |TAMS 0x00000000d9900000, 0x00000000d9900000| Complete 
| 409|0x00000000d9900000, 0x00000000d9a00000, 0x00000000d9a00000|100%|HC|  |TAMS 0x00000000d9a00000, 0x00000000d9a00000| Complete 
| 410|0x00000000d9a00000, 0x00000000d9b00000, 0x00000000d9b00000|100%|HC|  |TAMS 0x00000000d9b00000, 0x00000000d9b00000| Complete 
| 411|0x00000000d9b00000, 0x00000000d9c00000, 0x00000000d9c00000|100%|HC|  |TAMS 0x00000000d9c00000, 0x00000000d9c00000| Complete 
| 412|0x00000000d9c00000, 0x00000000d9d00000, 0x00000000d9d00000|100%|HS|  |TAMS 0x00000000d9d00000, 0x00000000d9d00000| Complete 
| 413|0x00000000d9d00000, 0x00000000d9e00000, 0x00000000d9e00000|100%|HC|  |TAMS 0x00000000d9e00000, 0x00000000d9e00000| Complete 
| 414|0x00000000d9e00000, 0x00000000d9e00000, 0x00000000d9f00000|  0%| F|  |TAMS 0x00000000d9e00000, 0x00000000d9e00000| Untracked 
| 415|0x00000000d9f00000, 0x00000000da000000, 0x00000000da000000|100%|HS|  |TAMS 0x00000000da000000, 0x00000000da000000| Complete 
| 416|0x00000000da000000, 0x00000000da000000, 0x00000000da100000|  0%| F|  |TAMS 0x00000000da000000, 0x00000000da000000| Untracked 
| 417|0x00000000da100000, 0x00000000da200000, 0x00000000da200000|100%|HS|  |TAMS 0x00000000da200000, 0x00000000da200000| Complete 
| 418|0x00000000da200000, 0x00000000da300000, 0x00000000da300000|100%|HC|  |TAMS 0x00000000da300000, 0x00000000da300000| Complete 
| 419|0x00000000da300000, 0x00000000da400000, 0x00000000da400000|100%|HC|  |TAMS 0x00000000da400000, 0x00000000da400000| Complete 
| 420|0x00000000da400000, 0x00000000da500000, 0x00000000da500000|100%|HC|  |TAMS 0x00000000da500000, 0x00000000da500000| Complete 
| 421|0x00000000da500000, 0x00000000da600000, 0x00000000da600000|100%|HC|  |TAMS 0x00000000da600000, 0x00000000da600000| Complete 
| 422|0x00000000da600000, 0x00000000da700000, 0x00000000da700000|100%|HS|  |TAMS 0x00000000da700000, 0x00000000da700000| Complete 
| 423|0x00000000da700000, 0x00000000da800000, 0x00000000da800000|100%|HC|  |TAMS 0x00000000da800000, 0x00000000da800000| Complete 
| 424|0x00000000da800000, 0x00000000da900000, 0x00000000da900000|100%|HS|  |TAMS 0x00000000da800000, 0x00000000da800000| Complete 
| 425|0x00000000da900000, 0x00000000daa00000, 0x00000000daa00000|100%|HC|  |TAMS 0x00000000da900000, 0x00000000da900000| Complete 
| 426|0x00000000daa00000, 0x00000000dab00000, 0x00000000dab00000|100%|HS|  |TAMS 0x00000000dab00000, 0x00000000dab00000| Complete 
| 427|0x00000000dab00000, 0x00000000dac00000, 0x00000000dac00000|100%|HC|  |TAMS 0x00000000dac00000, 0x00000000dac00000| Complete 
| 428|0x00000000dac00000, 0x00000000dac00000, 0x00000000dad00000|  0%| F|  |TAMS 0x00000000dac00000, 0x00000000dac00000| Untracked 
| 429|0x00000000dad00000, 0x00000000dae00000, 0x00000000dae00000|100%|HS|  |TAMS 0x00000000dae00000, 0x00000000dae00000| Complete 
| 430|0x00000000dae00000, 0x00000000daf00000, 0x00000000daf00000|100%|HS|  |TAMS 0x00000000daf00000, 0x00000000daf00000| Complete 
| 431|0x00000000daf00000, 0x00000000db000000, 0x00000000db000000|100%|HC|  |TAMS 0x00000000db000000, 0x00000000db000000| Complete 
| 432|0x00000000db000000, 0x00000000db000000, 0x00000000db100000|  0%| F|  |TAMS 0x00000000db000000, 0x00000000db000000| Untracked 
| 433|0x00000000db100000, 0x00000000db200000, 0x00000000db200000|100%|HS|  |TAMS 0x00000000db200000, 0x00000000db200000| Complete 
| 434|0x00000000db200000, 0x00000000db300000, 0x00000000db300000|100%|HC|  |TAMS 0x00000000db300000, 0x00000000db300000| Complete 
| 435|0x00000000db300000, 0x00000000db400000, 0x00000000db400000|100%|HC|  |TAMS 0x00000000db400000, 0x00000000db400000| Complete 
| 436|0x00000000db400000, 0x00000000db500000, 0x00000000db500000|100%|HC|  |TAMS 0x00000000db500000, 0x00000000db500000| Complete 
| 437|0x00000000db500000, 0x00000000db600000, 0x00000000db600000|100%|HC|  |TAMS 0x00000000db600000, 0x00000000db600000| Complete 
| 438|0x00000000db600000, 0x00000000db700000, 0x00000000db700000|100%|HS|  |TAMS 0x00000000db700000, 0x00000000db700000| Complete 
| 439|0x00000000db700000, 0x00000000db700000, 0x00000000db800000|  0%| F|  |TAMS 0x00000000db700000, 0x00000000db700000| Untracked 
| 440|0x00000000db800000, 0x00000000db900000, 0x00000000db900000|100%|HS|  |TAMS 0x00000000db900000, 0x00000000db900000| Complete 
| 441|0x00000000db900000, 0x00000000dba00000, 0x00000000dba00000|100%|HC|  |TAMS 0x00000000dba00000, 0x00000000dba00000| Complete 
| 442|0x00000000dba00000, 0x00000000dbb00000, 0x00000000dbb00000|100%|HS|  |TAMS 0x00000000dbb00000, 0x00000000dbb00000| Complete 
| 443|0x00000000dbb00000, 0x00000000dbc00000, 0x00000000dbc00000|100%|HS|  |TAMS 0x00000000dbc00000, 0x00000000dbc00000| Complete 
| 444|0x00000000dbc00000, 0x00000000dbd00000, 0x00000000dbd00000|100%|HC|  |TAMS 0x00000000dbd00000, 0x00000000dbd00000| Complete 
| 445|0x00000000dbd00000, 0x00000000dbe00000, 0x00000000dbe00000|100%|HC|  |TAMS 0x00000000dbe00000, 0x00000000dbe00000| Complete 
| 446|0x00000000dbe00000, 0x00000000dbf00000, 0x00000000dbf00000|100%|HS|  |TAMS 0x00000000dbf00000, 0x00000000dbf00000| Complete 
| 447|0x00000000dbf00000, 0x00000000dc000000, 0x00000000dc000000|100%|HC|  |TAMS 0x00000000dc000000, 0x00000000dc000000| Complete 
| 448|0x00000000dc000000, 0x00000000dc100000, 0x00000000dc100000|100%|HC|  |TAMS 0x00000000dc100000, 0x00000000dc100000| Complete 
| 449|0x00000000dc100000, 0x00000000dc200000, 0x00000000dc200000|100%|HS|  |TAMS 0x00000000dc200000, 0x00000000dc200000| Complete 
| 450|0x00000000dc200000, 0x00000000dc300000, 0x00000000dc300000|100%|HC|  |TAMS 0x00000000dc300000, 0x00000000dc300000| Complete 
| 451|0x00000000dc300000, 0x00000000dc400000, 0x00000000dc400000|100%|HC|  |TAMS 0x00000000dc400000, 0x00000000dc400000| Complete 
| 452|0x00000000dc400000, 0x00000000dc500000, 0x00000000dc500000|100%|HS|  |TAMS 0x00000000dc500000, 0x00000000dc500000| Complete 
| 453|0x00000000dc500000, 0x00000000dc600000, 0x00000000dc600000|100%|HC|  |TAMS 0x00000000dc600000, 0x00000000dc600000| Complete 
| 454|0x00000000dc600000, 0x00000000dc700000, 0x00000000dc700000|100%|HC|  |TAMS 0x00000000dc700000, 0x00000000dc700000| Complete 
| 455|0x00000000dc700000, 0x00000000dc800000, 0x00000000dc800000|100%|HS|  |TAMS 0x00000000dc800000, 0x00000000dc800000| Complete 
| 456|0x00000000dc800000, 0x00000000dc900000, 0x00000000dc900000|100%|HC|  |TAMS 0x00000000dc900000, 0x00000000dc900000| Complete 
| 457|0x00000000dc900000, 0x00000000dca00000, 0x00000000dca00000|100%|HC|  |TAMS 0x00000000dca00000, 0x00000000dca00000| Complete 
| 458|0x00000000dca00000, 0x00000000dcb00000, 0x00000000dcb00000|100%|HS|  |TAMS 0x00000000dcb00000, 0x00000000dcb00000| Complete 
| 459|0x00000000dcb00000, 0x00000000dcc00000, 0x00000000dcc00000|100%|HC|  |TAMS 0x00000000dcc00000, 0x00000000dcc00000| Complete 
| 460|0x00000000dcc00000, 0x00000000dcd00000, 0x00000000dcd00000|100%|HC|  |TAMS 0x00000000dcd00000, 0x00000000dcd00000| Complete 
| 461|0x00000000dcd00000, 0x00000000dce00000, 0x00000000dce00000|100%|HS|  |TAMS 0x00000000dcd00000, 0x00000000dcd00000| Complete 
| 462|0x00000000dce00000, 0x00000000dcf00000, 0x00000000dcf00000|100%|HC|  |TAMS 0x00000000dce00000, 0x00000000dce00000| Complete 
| 463|0x00000000dcf00000, 0x00000000dd000000, 0x00000000dd000000|100%|HS|  |TAMS 0x00000000dd000000, 0x00000000dd000000| Complete 
| 464|0x00000000dd000000, 0x00000000dd100000, 0x00000000dd100000|100%|HS|  |TAMS 0x00000000dd000000, 0x00000000dd000000| Complete 
| 465|0x00000000dd100000, 0x00000000dd200000, 0x00000000dd200000|100%|HC|  |TAMS 0x00000000dd100000, 0x00000000dd100000| Complete 
| 466|0x00000000dd200000, 0x00000000dd300000, 0x00000000dd300000|100%|HS|  |TAMS 0x00000000dd300000, 0x00000000dd300000| Complete 
| 467|0x00000000dd300000, 0x00000000dd400000, 0x00000000dd400000|100%|HS|  |TAMS 0x00000000dd400000, 0x00000000dd400000| Complete 
| 468|0x00000000dd400000, 0x00000000dd500000, 0x00000000dd500000|100%|HC|  |TAMS 0x00000000dd500000, 0x00000000dd500000| Complete 
| 469|0x00000000dd500000, 0x00000000dd600000, 0x00000000dd600000|100%|HC|  |TAMS 0x00000000dd600000, 0x00000000dd600000| Complete 
| 470|0x00000000dd600000, 0x00000000dd700000, 0x00000000dd700000|100%|HC|  |TAMS 0x00000000dd700000, 0x00000000dd700000| Complete 
| 471|0x00000000dd700000, 0x00000000dd800000, 0x00000000dd800000|100%|HC|  |TAMS 0x00000000dd800000, 0x00000000dd800000| Complete 
| 472|0x00000000dd800000, 0x00000000dd900000, 0x00000000dd900000|100%|HS|  |TAMS 0x00000000dd900000, 0x00000000dd900000| Complete 
| 473|0x00000000dd900000, 0x00000000dda00000, 0x00000000dda00000|100%|HC|  |TAMS 0x00000000dda00000, 0x00000000dda00000| Complete 
| 474|0x00000000dda00000, 0x00000000dda00000, 0x00000000ddb00000|  0%| F|  |TAMS 0x00000000dda00000, 0x00000000dda00000| Untracked 
| 475|0x00000000ddb00000, 0x00000000ddc00000, 0x00000000ddc00000|100%|HS|  |TAMS 0x00000000ddc00000, 0x00000000ddc00000| Complete 
| 476|0x00000000ddc00000, 0x00000000ddc00000, 0x00000000ddd00000|  0%| F|  |TAMS 0x00000000ddc00000, 0x00000000ddc00000| Untracked 
| 477|0x00000000ddd00000, 0x00000000dde00000, 0x00000000dde00000|100%|HS|  |TAMS 0x00000000dde00000, 0x00000000dde00000| Complete 
| 478|0x00000000dde00000, 0x00000000ddf00000, 0x00000000ddf00000|100%|HC|  |TAMS 0x00000000ddf00000, 0x00000000ddf00000| Complete 
| 479|0x00000000ddf00000, 0x00000000de000000, 0x00000000de000000|100%|HS|  |TAMS 0x00000000de000000, 0x00000000de000000| Complete 
| 480|0x00000000de000000, 0x00000000de100000, 0x00000000de100000|100%|HC|  |TAMS 0x00000000de100000, 0x00000000de100000| Complete 
| 481|0x00000000de100000, 0x00000000de200000, 0x00000000de200000|100%|HC|  |TAMS 0x00000000de200000, 0x00000000de200000| Complete 
| 482|0x00000000de200000, 0x00000000de300000, 0x00000000de300000|100%|HS|  |TAMS 0x00000000de200000, 0x00000000de200000| Complete 
| 483|0x00000000de300000, 0x00000000de400000, 0x00000000de400000|100%|HC|  |TAMS 0x00000000de300000, 0x00000000de300000| Complete 
| 484|0x00000000de400000, 0x00000000de500000, 0x00000000de500000|100%|HS|  |TAMS 0x00000000de500000, 0x00000000de500000| Complete 
| 485|0x00000000de500000, 0x00000000de600000, 0x00000000de600000|100%|HC|  |TAMS 0x00000000de600000, 0x00000000de600000| Complete 
| 486|0x00000000de600000, 0x00000000de700000, 0x00000000de700000|100%|HS|  |TAMS 0x00000000de700000, 0x00000000de700000| Complete 
| 487|0x00000000de700000, 0x00000000de800000, 0x00000000de800000|100%|HS|  |TAMS 0x00000000de800000, 0x00000000de800000| Complete 
| 488|0x00000000de800000, 0x00000000de900000, 0x00000000de900000|100%|HC|  |TAMS 0x00000000de900000, 0x00000000de900000| Complete 
| 489|0x00000000de900000, 0x00000000dea00000, 0x00000000dea00000|100%|HC|  |TAMS 0x00000000dea00000, 0x00000000dea00000| Complete 
| 490|0x00000000dea00000, 0x00000000deb00000, 0x00000000deb00000|100%|HS|  |TAMS 0x00000000deb00000, 0x00000000deb00000| Complete 
| 491|0x00000000deb00000, 0x00000000dec00000, 0x00000000dec00000|100%|HC|  |TAMS 0x00000000dec00000, 0x00000000dec00000| Complete 
| 492|0x00000000dec00000, 0x00000000ded00000, 0x00000000ded00000|100%|HS|  |TAMS 0x00000000ded00000, 0x00000000ded00000| Complete 
| 493|0x00000000ded00000, 0x00000000dee00000, 0x00000000dee00000|100%|HC|  |TAMS 0x00000000dee00000, 0x00000000dee00000| Complete 
| 494|0x00000000dee00000, 0x00000000def00000, 0x00000000def00000|100%|HC|  |TAMS 0x00000000def00000, 0x00000000def00000| Complete 
| 495|0x00000000def00000, 0x00000000df000000, 0x00000000df000000|100%|HC|  |TAMS 0x00000000df000000, 0x00000000df000000| Complete 
| 496|0x00000000df000000, 0x00000000df100000, 0x00000000df100000|100%|HC|  |TAMS 0x00000000df100000, 0x00000000df100000| Complete 
| 497|0x00000000df100000, 0x00000000df200000, 0x00000000df200000|100%|HS|  |TAMS 0x00000000df200000, 0x00000000df200000| Complete 
| 498|0x00000000df200000, 0x00000000df300000, 0x00000000df300000|100%|HC|  |TAMS 0x00000000df300000, 0x00000000df300000| Complete 
| 499|0x00000000df300000, 0x00000000df400000, 0x00000000df400000|100%|HC|  |TAMS 0x00000000df400000, 0x00000000df400000| Complete 
| 500|0x00000000df400000, 0x00000000df500000, 0x00000000df500000|100%|HC|  |TAMS 0x00000000df500000, 0x00000000df500000| Complete 
| 501|0x00000000df500000, 0x00000000df600000, 0x00000000df600000|100%|HC|  |TAMS 0x00000000df600000, 0x00000000df600000| Complete 
| 502|0x00000000df600000, 0x00000000df700000, 0x00000000df700000|100%|HS|  |TAMS 0x00000000df700000, 0x00000000df700000| Complete 
| 503|0x00000000df700000, 0x00000000df800000, 0x00000000df800000|100%|HC|  |TAMS 0x00000000df800000, 0x00000000df800000| Complete 
| 504|0x00000000df800000, 0x00000000df900000, 0x00000000df900000|100%|HC|  |TAMS 0x00000000df900000, 0x00000000df900000| Complete 
| 505|0x00000000df900000, 0x00000000dfa00000, 0x00000000dfa00000|100%|HC|  |TAMS 0x00000000dfa00000, 0x00000000dfa00000| Complete 
| 506|0x00000000dfa00000, 0x00000000dfb00000, 0x00000000dfb00000|100%|HC|  |TAMS 0x00000000dfb00000, 0x00000000dfb00000| Complete 
| 507|0x00000000dfb00000, 0x00000000dfc00000, 0x00000000dfc00000|100%|HS|  |TAMS 0x00000000dfb00000, 0x00000000dfc00000| Complete 
| 508|0x00000000dfc00000, 0x00000000dfd00000, 0x00000000dfd00000|100%|HC|  |TAMS 0x00000000dfc00000, 0x00000000dfd00000| Complete 
| 509|0x00000000dfd00000, 0x00000000dfe00000, 0x00000000dfe00000|100%|HS|  |TAMS 0x00000000dfe00000, 0x00000000dfe00000| Complete 
| 510|0x00000000dfe00000, 0x00000000dff00000, 0x00000000dff00000|100%|HC|  |TAMS 0x00000000dff00000, 0x00000000dff00000| Complete 
| 511|0x00000000dff00000, 0x00000000e0000000, 0x00000000e0000000|100%|HS|  |TAMS 0x00000000e0000000, 0x00000000e0000000| Complete 
| 512|0x00000000e0000000, 0x00000000e0100000, 0x00000000e0100000|100%|HC|  |TAMS 0x00000000e0100000, 0x00000000e0100000| Complete 
| 513|0x00000000e0100000, 0x00000000e0100000, 0x00000000e0200000|  0%| F|  |TAMS 0x00000000e0100000, 0x00000000e0100000| Untracked 
| 514|0x00000000e0200000, 0x00000000e0300000, 0x00000000e0300000|100%|HS|  |TAMS 0x00000000e0300000, 0x00000000e0300000| Complete 
| 515|0x00000000e0300000, 0x00000000e0400000, 0x00000000e0400000|100%|HS|  |TAMS 0x00000000e0400000, 0x00000000e0400000| Complete 
| 516|0x00000000e0400000, 0x00000000e0500000, 0x00000000e0500000|100%|HC|  |TAMS 0x00000000e0500000, 0x00000000e0500000| Complete 
| 517|0x00000000e0500000, 0x00000000e0500000, 0x00000000e0600000|  0%| F|  |TAMS 0x00000000e0500000, 0x00000000e0500000| Untracked 
| 518|0x00000000e0600000, 0x00000000e0700000, 0x00000000e0700000|100%|HS|  |TAMS 0x00000000e0700000, 0x00000000e0700000| Complete 
| 519|0x00000000e0700000, 0x00000000e0700000, 0x00000000e0800000|  0%| F|  |TAMS 0x00000000e0700000, 0x00000000e0700000| Untracked 
| 520|0x00000000e0800000, 0x00000000e0900000, 0x00000000e0900000|100%|HS|  |TAMS 0x00000000e0900000, 0x00000000e0900000| Complete 
| 521|0x00000000e0900000, 0x00000000e0a00000, 0x00000000e0a00000|100%|HC|  |TAMS 0x00000000e0a00000, 0x00000000e0a00000| Complete 
| 522|0x00000000e0a00000, 0x00000000e0a00000, 0x00000000e0b00000|  0%| F|  |TAMS 0x00000000e0a00000, 0x00000000e0a00000| Untracked 
| 523|0x00000000e0b00000, 0x00000000e0c00000, 0x00000000e0c00000|100%|HS|  |TAMS 0x00000000e0c00000, 0x00000000e0c00000| Complete 
| 524|0x00000000e0c00000, 0x00000000e0d00000, 0x00000000e0d00000|100%|HC|  |TAMS 0x00000000e0d00000, 0x00000000e0d00000| Complete 
| 525|0x00000000e0d00000, 0x00000000e0d00000, 0x00000000e0e00000|  0%| F|  |TAMS 0x00000000e0d00000, 0x00000000e0d00000| Untracked 
| 526|0x00000000e0e00000, 0x00000000e0e00000, 0x00000000e0f00000|  0%| F|  |TAMS 0x00000000e0e00000, 0x00000000e0e00000| Untracked 
| 527|0x00000000e0f00000, 0x00000000e1000000, 0x00000000e1000000|100%| O|  |TAMS 0x00000000e1000000, 0x00000000e1000000| Untracked 
| 528|0x00000000e1000000, 0x00000000e1100000, 0x00000000e1100000|100%|HS|  |TAMS 0x00000000e1100000, 0x00000000e1100000| Complete 
| 529|0x00000000e1100000, 0x00000000e1200000, 0x00000000e1200000|100%|HC|  |TAMS 0x00000000e1200000, 0x00000000e1200000| Complete 
| 530|0x00000000e1200000, 0x00000000e1200000, 0x00000000e1300000|  0%| F|  |TAMS 0x00000000e1200000, 0x00000000e1200000| Untracked 
| 531|0x00000000e1300000, 0x00000000e1400000, 0x00000000e1400000|100%|HS|  |TAMS 0x00000000e1400000, 0x00000000e1400000| Complete 
| 532|0x00000000e1400000, 0x00000000e1500000, 0x00000000e1500000|100%|HC|  |TAMS 0x00000000e1500000, 0x00000000e1500000| Complete 
| 533|0x00000000e1500000, 0x00000000e1500000, 0x00000000e1600000|  0%| F|  |TAMS 0x00000000e1500000, 0x00000000e1500000| Untracked 
| 534|0x00000000e1600000, 0x00000000e1700000, 0x00000000e1700000|100%|HS|  |TAMS 0x00000000e1700000, 0x00000000e1700000| Complete 
| 535|0x00000000e1700000, 0x00000000e1800000, 0x00000000e1800000|100%|HS|  |TAMS 0x00000000e1800000, 0x00000000e1800000| Complete 
| 536|0x00000000e1800000, 0x00000000e1900000, 0x00000000e1900000|100%|HC|  |TAMS 0x00000000e1900000, 0x00000000e1900000| Complete 
| 537|0x00000000e1900000, 0x00000000e1a00000, 0x00000000e1a00000|100%|HS|  |TAMS 0x00000000e1a00000, 0x00000000e1a00000| Complete 
| 538|0x00000000e1a00000, 0x00000000e1b00000, 0x00000000e1b00000|100%|HC|  |TAMS 0x00000000e1b00000, 0x00000000e1b00000| Complete 
| 539|0x00000000e1b00000, 0x00000000e1c00000, 0x00000000e1c00000|100%|HS|  |TAMS 0x00000000e1c00000, 0x00000000e1c00000| Complete 
| 540|0x00000000e1c00000, 0x00000000e1d00000, 0x00000000e1d00000|100%|HS|  |TAMS 0x00000000e1d00000, 0x00000000e1d00000| Complete 
| 541|0x00000000e1d00000, 0x00000000e1e00000, 0x00000000e1e00000|100%|HC|  |TAMS 0x00000000e1e00000, 0x00000000e1e00000| Complete 
| 542|0x00000000e1e00000, 0x00000000e1e00000, 0x00000000e1f00000|  0%| F|  |TAMS 0x00000000e1e00000, 0x00000000e1e00000| Untracked 
| 543|0x00000000e1f00000, 0x00000000e2000000, 0x00000000e2000000|100%|HS|  |TAMS 0x00000000e2000000, 0x00000000e2000000| Complete 
| 544|0x00000000e2000000, 0x00000000e2100000, 0x00000000e2100000|100%|HC|  |TAMS 0x00000000e2100000, 0x00000000e2100000| Complete 
| 545|0x00000000e2100000, 0x00000000e2200000, 0x00000000e2200000|100%|HS|  |TAMS 0x00000000e2200000, 0x00000000e2200000| Complete 
| 546|0x00000000e2200000, 0x00000000e2300000, 0x00000000e2300000|100%|HS|  |TAMS 0x00000000e2300000, 0x00000000e2300000| Complete 
| 547|0x00000000e2300000, 0x00000000e2400000, 0x00000000e2400000|100%|HC|  |TAMS 0x00000000e2400000, 0x00000000e2400000| Complete 
| 548|0x00000000e2400000, 0x00000000e2500000, 0x00000000e2500000|100%|HC|  |TAMS 0x00000000e2500000, 0x00000000e2500000| Complete 
| 549|0x00000000e2500000, 0x00000000e2600000, 0x00000000e2600000|100%|HC|  |TAMS 0x00000000e2600000, 0x00000000e2600000| Complete 
| 550|0x00000000e2600000, 0x00000000e2700000, 0x00000000e2700000|100%|HC|  |TAMS 0x00000000e2700000, 0x00000000e2700000| Complete 
| 551|0x00000000e2700000, 0x00000000e2700000, 0x00000000e2800000|  0%| F|  |TAMS 0x00000000e2700000, 0x00000000e2700000| Untracked 
| 552|0x00000000e2800000, 0x00000000e2900000, 0x00000000e2900000|100%|HS|  |TAMS 0x00000000e2900000, 0x00000000e2900000| Complete 
| 553|0x00000000e2900000, 0x00000000e2a00000, 0x00000000e2a00000|100%|HC|  |TAMS 0x00000000e2a00000, 0x00000000e2a00000| Complete 
| 554|0x00000000e2a00000, 0x00000000e2a00000, 0x00000000e2b00000|  0%| F|  |TAMS 0x00000000e2a00000, 0x00000000e2a00000| Untracked 
| 555|0x00000000e2b00000, 0x00000000e2b00000, 0x00000000e2c00000|  0%| F|  |TAMS 0x00000000e2b00000, 0x00000000e2b00000| Untracked 
| 556|0x00000000e2c00000, 0x00000000e2d00000, 0x00000000e2d00000|100%|HS|  |TAMS 0x00000000e2d00000, 0x00000000e2d00000| Complete 
| 557|0x00000000e2d00000, 0x00000000e2e00000, 0x00000000e2e00000|100%|HS|  |TAMS 0x00000000e2d00000, 0x00000000e2e00000| Complete 
| 558|0x00000000e2e00000, 0x00000000e2f00000, 0x00000000e2f00000|100%|HC|  |TAMS 0x00000000e2e00000, 0x00000000e2f00000| Complete 
| 559|0x00000000e2f00000, 0x00000000e2f00000, 0x00000000e3000000|  0%| F|  |TAMS 0x00000000e2f00000, 0x00000000e2f00000| Untracked 
| 560|0x00000000e3000000, 0x00000000e3100000, 0x00000000e3100000|100%|HS|  |TAMS 0x00000000e3100000, 0x00000000e3100000| Complete 
| 561|0x00000000e3100000, 0x00000000e3200000, 0x00000000e3200000|100%|HS|  |TAMS 0x00000000e3200000, 0x00000000e3200000| Complete 
| 562|0x00000000e3200000, 0x00000000e3300000, 0x00000000e3300000|100%|HC|  |TAMS 0x00000000e3300000, 0x00000000e3300000| Complete 
| 563|0x00000000e3300000, 0x00000000e3400000, 0x00000000e3400000|100%|HC|  |TAMS 0x00000000e3400000, 0x00000000e3400000| Complete 
| 564|0x00000000e3400000, 0x00000000e3500000, 0x00000000e3500000|100%|HS|  |TAMS 0x00000000e3500000, 0x00000000e3500000| Complete 
| 565|0x00000000e3500000, 0x00000000e3600000, 0x00000000e3600000|100%|HC|  |TAMS 0x00000000e3600000, 0x00000000e3600000| Complete 
| 566|0x00000000e3600000, 0x00000000e3700000, 0x00000000e3700000|100%|HC|  |TAMS 0x00000000e3700000, 0x00000000e3700000| Complete 
| 567|0x00000000e3700000, 0x00000000e3800000, 0x00000000e3800000|100%|HS|  |TAMS 0x00000000e3800000, 0x00000000e3800000| Complete 
| 568|0x00000000e3800000, 0x00000000e3900000, 0x00000000e3900000|100%|HC|  |TAMS 0x00000000e3900000, 0x00000000e3900000| Complete 
| 569|0x00000000e3900000, 0x00000000e3a00000, 0x00000000e3a00000|100%|HC|  |TAMS 0x00000000e3a00000, 0x00000000e3a00000| Complete 
| 570|0x00000000e3a00000, 0x00000000e3a00000, 0x00000000e3b00000|  0%| F|  |TAMS 0x00000000e3a00000, 0x00000000e3a00000| Untracked 
| 571|0x00000000e3b00000, 0x00000000e3c00000, 0x00000000e3c00000|100%|HS|  |TAMS 0x00000000e3c00000, 0x00000000e3c00000| Complete 
| 572|0x00000000e3c00000, 0x00000000e3d00000, 0x00000000e3d00000|100%|HC|  |TAMS 0x00000000e3d00000, 0x00000000e3d00000| Complete 
| 573|0x00000000e3d00000, 0x00000000e3e00000, 0x00000000e3e00000|100%|HC|  |TAMS 0x00000000e3e00000, 0x00000000e3e00000| Complete 
| 574|0x00000000e3e00000, 0x00000000e3e00000, 0x00000000e3f00000|  0%| F|  |TAMS 0x00000000e3e00000, 0x00000000e3e00000| Untracked 
| 575|0x00000000e3f00000, 0x00000000e4000000, 0x00000000e4000000|100%|HS|  |TAMS 0x00000000e4000000, 0x00000000e4000000| Complete 
| 576|0x00000000e4000000, 0x00000000e4100000, 0x00000000e4100000|100%|HC|  |TAMS 0x00000000e4100000, 0x00000000e4100000| Complete 
| 577|0x00000000e4100000, 0x00000000e4200000, 0x00000000e4200000|100%|HC|  |TAMS 0x00000000e4200000, 0x00000000e4200000| Complete 
| 578|0x00000000e4200000, 0x00000000e4300000, 0x00000000e4300000|100%|HC|  |TAMS 0x00000000e4300000, 0x00000000e4300000| Complete 
| 579|0x00000000e4300000, 0x00000000e4400000, 0x00000000e4400000|100%|HC|  |TAMS 0x00000000e4400000, 0x00000000e4400000| Complete 
| 580|0x00000000e4400000, 0x00000000e4400000, 0x00000000e4500000|  0%| F|  |TAMS 0x00000000e4400000, 0x00000000e4400000| Untracked 
| 581|0x00000000e4500000, 0x00000000e4600000, 0x00000000e4600000|100%|HS|  |TAMS 0x00000000e4600000, 0x00000000e4600000| Complete 
| 582|0x00000000e4600000, 0x00000000e4700000, 0x00000000e4700000|100%|HC|  |TAMS 0x00000000e4700000, 0x00000000e4700000| Complete 
| 583|0x00000000e4700000, 0x00000000e4800000, 0x00000000e4800000|100%|HS|  |TAMS 0x00000000e4800000, 0x00000000e4800000| Complete 
| 584|0x00000000e4800000, 0x00000000e4900000, 0x00000000e4900000|100%|HC|  |TAMS 0x00000000e4900000, 0x00000000e4900000| Complete 
| 585|0x00000000e4900000, 0x00000000e4a00000, 0x00000000e4a00000|100%|HS|  |TAMS 0x00000000e4a00000, 0x00000000e4a00000| Complete 
| 586|0x00000000e4a00000, 0x00000000e4b00000, 0x00000000e4b00000|100%|HC|  |TAMS 0x00000000e4b00000, 0x00000000e4b00000| Complete 
| 587|0x00000000e4b00000, 0x00000000e4c00000, 0x00000000e4c00000|100%|HS|  |TAMS 0x00000000e4c00000, 0x00000000e4c00000| Complete 
| 588|0x00000000e4c00000, 0x00000000e4d00000, 0x00000000e4d00000|100%|HC|  |TAMS 0x00000000e4d00000, 0x00000000e4d00000| Complete 
| 589|0x00000000e4d00000, 0x00000000e4d00000, 0x00000000e4e00000|  0%| F|  |TAMS 0x00000000e4d00000, 0x00000000e4d00000| Untracked 
| 590|0x00000000e4e00000, 0x00000000e4f00000, 0x00000000e4f00000|100%|HS|  |TAMS 0x00000000e4f00000, 0x00000000e4f00000| Complete 
| 591|0x00000000e4f00000, 0x00000000e5000000, 0x00000000e5000000|100%|HC|  |TAMS 0x00000000e5000000, 0x00000000e5000000| Complete 
| 592|0x00000000e5000000, 0x00000000e5000000, 0x00000000e5100000|  0%| F|  |TAMS 0x00000000e5000000, 0x00000000e5000000| Untracked 
| 593|0x00000000e5100000, 0x00000000e5200000, 0x00000000e5200000|100%|HS|  |TAMS 0x00000000e5200000, 0x00000000e5200000| Complete 
| 594|0x00000000e5200000, 0x00000000e5300000, 0x00000000e5300000|100%|HS|  |TAMS 0x00000000e5300000, 0x00000000e5300000| Complete 
| 595|0x00000000e5300000, 0x00000000e5400000, 0x00000000e5400000|100%|HC|  |TAMS 0x00000000e5400000, 0x00000000e5400000| Complete 
| 596|0x00000000e5400000, 0x00000000e5500000, 0x00000000e5500000|100%|HS|  |TAMS 0x00000000e5500000, 0x00000000e5500000| Complete 
| 597|0x00000000e5500000, 0x00000000e5600000, 0x00000000e5600000|100%|HC|  |TAMS 0x00000000e5600000, 0x00000000e5600000| Complete 
| 598|0x00000000e5600000, 0x00000000e5700000, 0x00000000e5700000|100%|HS|  |TAMS 0x00000000e5700000, 0x00000000e5700000| Complete 
| 599|0x00000000e5700000, 0x00000000e5800000, 0x00000000e5800000|100%|HC|  |TAMS 0x00000000e5800000, 0x00000000e5800000| Complete 
| 600|0x00000000e5800000, 0x00000000e5900000, 0x00000000e5900000|100%|HC|  |TAMS 0x00000000e5900000, 0x00000000e5900000| Complete 
| 601|0x00000000e5900000, 0x00000000e5a00000, 0x00000000e5a00000|100%|HC|  |TAMS 0x00000000e5a00000, 0x00000000e5a00000| Complete 
| 602|0x00000000e5a00000, 0x00000000e5b00000, 0x00000000e5b00000|100%|HC|  |TAMS 0x00000000e5b00000, 0x00000000e5b00000| Complete 
| 603|0x00000000e5b00000, 0x00000000e5c00000, 0x00000000e5c00000|100%|HS|  |TAMS 0x00000000e5c00000, 0x00000000e5c00000| Complete 
| 604|0x00000000e5c00000, 0x00000000e5d00000, 0x00000000e5d00000|100%|HC|  |TAMS 0x00000000e5d00000, 0x00000000e5d00000| Complete 
| 605|0x00000000e5d00000, 0x00000000e5e00000, 0x00000000e5e00000|100%| O|  |TAMS 0x00000000e5e00000, 0x00000000e5e00000| Untracked 
| 606|0x00000000e5e00000, 0x00000000e5f00000, 0x00000000e5f00000|100%|HS|  |TAMS 0x00000000e5f00000, 0x00000000e5f00000| Complete 
| 607|0x00000000e5f00000, 0x00000000e6000000, 0x00000000e6000000|100%|HC|  |TAMS 0x00000000e6000000, 0x00000000e6000000| Complete 
| 608|0x00000000e6000000, 0x00000000e6100000, 0x00000000e6100000|100%|HS|  |TAMS 0x00000000e6100000, 0x00000000e6100000| Complete 
| 609|0x00000000e6100000, 0x00000000e6200000, 0x00000000e6200000|100%|HC|  |TAMS 0x00000000e6200000, 0x00000000e6200000| Complete 
| 610|0x00000000e6200000, 0x00000000e6300000, 0x00000000e6300000|100%|HS|  |TAMS 0x00000000e6300000, 0x00000000e6300000| Complete 
| 611|0x00000000e6300000, 0x00000000e6400000, 0x00000000e6400000|100%|HC|  |TAMS 0x00000000e6400000, 0x00000000e6400000| Complete 
| 612|0x00000000e6400000, 0x00000000e6500000, 0x00000000e6500000|100%|HS|  |TAMS 0x00000000e6500000, 0x00000000e6500000| Complete 
| 613|0x00000000e6500000, 0x00000000e6600000, 0x00000000e6600000|100%|HC|  |TAMS 0x00000000e6600000, 0x00000000e6600000| Complete 
| 614|0x00000000e6600000, 0x00000000e6700000, 0x00000000e6700000|100%|HS|  |TAMS 0x00000000e6600000, 0x00000000e6700000| Complete 
| 615|0x00000000e6700000, 0x00000000e6800000, 0x00000000e6800000|100%|HC|  |TAMS 0x00000000e6700000, 0x00000000e6800000| Complete 
| 616|0x00000000e6800000, 0x00000000e6900000, 0x00000000e6900000|100%|HS|  |TAMS 0x00000000e6900000, 0x00000000e6900000| Complete 
| 617|0x00000000e6900000, 0x00000000e6a00000, 0x00000000e6a00000|100%|HC|  |TAMS 0x00000000e6a00000, 0x00000000e6a00000| Complete 
| 618|0x00000000e6a00000, 0x00000000e6b00000, 0x00000000e6b00000|100%|HS|  |TAMS 0x00000000e6b00000, 0x00000000e6b00000| Complete 
| 619|0x00000000e6b00000, 0x00000000e6c00000, 0x00000000e6c00000|100%|HC|  |TAMS 0x00000000e6c00000, 0x00000000e6c00000| Complete 
| 620|0x00000000e6c00000, 0x00000000e6c00000, 0x00000000e6d00000|  0%| F|  |TAMS 0x00000000e6c00000, 0x00000000e6c00000| Untracked 
| 621|0x00000000e6d00000, 0x00000000e6e00000, 0x00000000e6e00000|100%|HS|  |TAMS 0x00000000e6e00000, 0x00000000e6e00000| Complete 
| 622|0x00000000e6e00000, 0x00000000e6f00000, 0x00000000e6f00000|100%|HS|  |TAMS 0x00000000e6f00000, 0x00000000e6f00000| Complete 
| 623|0x00000000e6f00000, 0x00000000e7000000, 0x00000000e7000000|100%|HC|  |TAMS 0x00000000e7000000, 0x00000000e7000000| Complete 
| 624|0x00000000e7000000, 0x00000000e7000000, 0x00000000e7100000|  0%| F|  |TAMS 0x00000000e7000000, 0x00000000e7000000| Untracked 
| 625|0x00000000e7100000, 0x00000000e7100000, 0x00000000e7200000|  0%| F|  |TAMS 0x00000000e7100000, 0x00000000e7100000| Untracked 
| 626|0x00000000e7200000, 0x00000000e7300000, 0x00000000e7300000|100%|HS|  |TAMS 0x00000000e7300000, 0x00000000e7300000| Complete 
| 627|0x00000000e7300000, 0x00000000e7400000, 0x00000000e7400000|100%|HC|  |TAMS 0x00000000e7400000, 0x00000000e7400000| Complete 
| 628|0x00000000e7400000, 0x00000000e7400000, 0x00000000e7500000|  0%| F|  |TAMS 0x00000000e7400000, 0x00000000e7400000| Untracked 
| 629|0x00000000e7500000, 0x00000000e7600000, 0x00000000e7600000|100%|HS|  |TAMS 0x00000000e7600000, 0x00000000e7600000| Complete 
| 630|0x00000000e7600000, 0x00000000e7700000, 0x00000000e7700000|100%|HS|  |TAMS 0x00000000e7700000, 0x00000000e7700000| Complete 
| 631|0x00000000e7700000, 0x00000000e7800000, 0x00000000e7800000|100%|HC|  |TAMS 0x00000000e7800000, 0x00000000e7800000| Complete 
| 632|0x00000000e7800000, 0x00000000e7900000, 0x00000000e7900000|100%|HS|  |TAMS 0x00000000e7900000, 0x00000000e7900000| Complete 
| 633|0x00000000e7900000, 0x00000000e7a00000, 0x00000000e7a00000|100%|HC|  |TAMS 0x00000000e7a00000, 0x00000000e7a00000| Complete 
| 634|0x00000000e7a00000, 0x00000000e7a00000, 0x00000000e7b00000|  0%| F|  |TAMS 0x00000000e7a00000, 0x00000000e7a00000| Untracked 
| 635|0x00000000e7b00000, 0x00000000e7b00000, 0x00000000e7c00000|  0%| F|  |TAMS 0x00000000e7b00000, 0x00000000e7b00000| Untracked 
| 636|0x00000000e7c00000, 0x00000000e7d00000, 0x00000000e7d00000|100%|HS|  |TAMS 0x00000000e7d00000, 0x00000000e7d00000| Complete 
| 637|0x00000000e7d00000, 0x00000000e7e00000, 0x00000000e7e00000|100%|HC|  |TAMS 0x00000000e7e00000, 0x00000000e7e00000| Complete 
| 638|0x00000000e7e00000, 0x00000000e7f00000, 0x00000000e7f00000|100%|HS|  |TAMS 0x00000000e7f00000, 0x00000000e7f00000| Complete 
| 639|0x00000000e7f00000, 0x00000000e8000000, 0x00000000e8000000|100%|HC|  |TAMS 0x00000000e8000000, 0x00000000e8000000| Complete 
| 640|0x00000000e8000000, 0x00000000e8100000, 0x00000000e8100000|100%|HS|  |TAMS 0x00000000e8100000, 0x00000000e8100000| Complete 
| 641|0x00000000e8100000, 0x00000000e8200000, 0x00000000e8200000|100%|HC|  |TAMS 0x00000000e8200000, 0x00000000e8200000| Complete 
| 642|0x00000000e8200000, 0x00000000e8200000, 0x00000000e8300000|  0%| F|  |TAMS 0x00000000e8200000, 0x00000000e8200000| Untracked 
| 643|0x00000000e8300000, 0x00000000e8300000, 0x00000000e8400000|  0%| F|  |TAMS 0x00000000e8300000, 0x00000000e8300000| Untracked 
| 644|0x00000000e8400000, 0x00000000e8500000, 0x00000000e8500000|100%|HS|  |TAMS 0x00000000e8500000, 0x00000000e8500000| Complete 
| 645|0x00000000e8500000, 0x00000000e8600000, 0x00000000e8600000|100%|HC|  |TAMS 0x00000000e8600000, 0x00000000e8600000| Complete 
| 646|0x00000000e8600000, 0x00000000e8700000, 0x00000000e8700000|100%|HS|  |TAMS 0x00000000e8700000, 0x00000000e8700000| Complete 
| 647|0x00000000e8700000, 0x00000000e8800000, 0x00000000e8800000|100%|HC|  |TAMS 0x00000000e8800000, 0x00000000e8800000| Complete 
| 648|0x00000000e8800000, 0x00000000e8900000, 0x00000000e8900000|100%|HS|  |TAMS 0x00000000e8900000, 0x00000000e8900000| Complete 
| 649|0x00000000e8900000, 0x00000000e8a00000, 0x00000000e8a00000|100%|HC|  |TAMS 0x00000000e8a00000, 0x00000000e8a00000| Complete 
| 650|0x00000000e8a00000, 0x00000000e8b00000, 0x00000000e8b00000|100%|HS|  |TAMS 0x00000000e8b00000, 0x00000000e8b00000| Complete 
| 651|0x00000000e8b00000, 0x00000000e8c00000, 0x00000000e8c00000|100%|HC|  |TAMS 0x00000000e8c00000, 0x00000000e8c00000| Complete 
| 652|0x00000000e8c00000, 0x00000000e8d00000, 0x00000000e8d00000|100%|HS|  |TAMS 0x00000000e8d00000, 0x00000000e8d00000| Complete 
| 653|0x00000000e8d00000, 0x00000000e8e00000, 0x00000000e8e00000|100%|HC|  |TAMS 0x00000000e8e00000, 0x00000000e8e00000| Complete 
| 654|0x00000000e8e00000, 0x00000000e8f00000, 0x00000000e8f00000|100%|HS|  |TAMS 0x00000000e8f00000, 0x00000000e8f00000| Complete 
| 655|0x00000000e8f00000, 0x00000000e9000000, 0x00000000e9000000|100%|HC|  |TAMS 0x00000000e9000000, 0x00000000e9000000| Complete 
| 656|0x00000000e9000000, 0x00000000e9100000, 0x00000000e9100000|100%|HS|  |TAMS 0x00000000e9100000, 0x00000000e9100000| Complete 
| 657|0x00000000e9100000, 0x00000000e9200000, 0x00000000e9200000|100%|HC|  |TAMS 0x00000000e9200000, 0x00000000e9200000| Complete 
| 658|0x00000000e9200000, 0x00000000e9300000, 0x00000000e9300000|100%|HS|  |TAMS 0x00000000e9300000, 0x00000000e9300000| Complete 
| 659|0x00000000e9300000, 0x00000000e9400000, 0x00000000e9400000|100%|HC|  |TAMS 0x00000000e9400000, 0x00000000e9400000| Complete 
| 660|0x00000000e9400000, 0x00000000e9500000, 0x00000000e9500000|100%|HS|  |TAMS 0x00000000e9500000, 0x00000000e9500000| Complete 
| 661|0x00000000e9500000, 0x00000000e9600000, 0x00000000e9600000|100%|HC|  |TAMS 0x00000000e9600000, 0x00000000e9600000| Complete 
| 662|0x00000000e9600000, 0x00000000e9700000, 0x00000000e9700000|100%|HS|  |TAMS 0x00000000e9700000, 0x00000000e9700000| Complete 
| 663|0x00000000e9700000, 0x00000000e9800000, 0x00000000e9800000|100%|HC|  |TAMS 0x00000000e9800000, 0x00000000e9800000| Complete 
| 664|0x00000000e9800000, 0x00000000e9900000, 0x00000000e9900000|100%|HS|  |TAMS 0x00000000e9900000, 0x00000000e9900000| Complete 
| 665|0x00000000e9900000, 0x00000000e9a00000, 0x00000000e9a00000|100%|HC|  |TAMS 0x00000000e9a00000, 0x00000000e9a00000| Complete 
| 666|0x00000000e9a00000, 0x00000000e9b00000, 0x00000000e9b00000|100%|HS|  |TAMS 0x00000000e9b00000, 0x00000000e9b00000| Complete 
| 667|0x00000000e9b00000, 0x00000000e9c00000, 0x00000000e9c00000|100%|HC|  |TAMS 0x00000000e9c00000, 0x00000000e9c00000| Complete 
| 668|0x00000000e9c00000, 0x00000000e9d00000, 0x00000000e9d00000|100%|HS|  |TAMS 0x00000000e9d00000, 0x00000000e9d00000| Complete 
| 669|0x00000000e9d00000, 0x00000000e9e00000, 0x00000000e9e00000|100%|HC|  |TAMS 0x00000000e9e00000, 0x00000000e9e00000| Complete 
| 670|0x00000000e9e00000, 0x00000000e9f00000, 0x00000000e9f00000|100%|HS|  |TAMS 0x00000000e9f00000, 0x00000000e9f00000| Complete 
| 671|0x00000000e9f00000, 0x00000000ea000000, 0x00000000ea000000|100%|HC|  |TAMS 0x00000000ea000000, 0x00000000ea000000| Complete 
| 672|0x00000000ea000000, 0x00000000ea100000, 0x00000000ea100000|100%|HS|  |TAMS 0x00000000ea100000, 0x00000000ea100000| Complete 
| 673|0x00000000ea100000, 0x00000000ea200000, 0x00000000ea200000|100%|HC|  |TAMS 0x00000000ea200000, 0x00000000ea200000| Complete 
| 674|0x00000000ea200000, 0x00000000ea300000, 0x00000000ea300000|100%|HS|  |TAMS 0x00000000ea300000, 0x00000000ea300000| Complete 
| 675|0x00000000ea300000, 0x00000000ea400000, 0x00000000ea400000|100%|HC|  |TAMS 0x00000000ea400000, 0x00000000ea400000| Complete 
| 676|0x00000000ea400000, 0x00000000ea500000, 0x00000000ea500000|100%|HS|  |TAMS 0x00000000ea500000, 0x00000000ea500000| Complete 
| 677|0x00000000ea500000, 0x00000000ea600000, 0x00000000ea600000|100%|HC|  |TAMS 0x00000000ea600000, 0x00000000ea600000| Complete 
| 678|0x00000000ea600000, 0x00000000ea700000, 0x00000000ea700000|100%|HS|  |TAMS 0x00000000ea700000, 0x00000000ea700000| Complete 
| 679|0x00000000ea700000, 0x00000000ea800000, 0x00000000ea800000|100%|HC|  |TAMS 0x00000000ea800000, 0x00000000ea800000| Complete 
| 680|0x00000000ea800000, 0x00000000ea900000, 0x00000000ea900000|100%|HS|  |TAMS 0x00000000ea900000, 0x00000000ea900000| Complete 
| 681|0x00000000ea900000, 0x00000000eaa00000, 0x00000000eaa00000|100%|HC|  |TAMS 0x00000000eaa00000, 0x00000000eaa00000| Complete 
| 682|0x00000000eaa00000, 0x00000000eab00000, 0x00000000eab00000|100%|HS|  |TAMS 0x00000000eab00000, 0x00000000eab00000| Complete 
| 683|0x00000000eab00000, 0x00000000eac00000, 0x00000000eac00000|100%|HC|  |TAMS 0x00000000eac00000, 0x00000000eac00000| Complete 
| 684|0x00000000eac00000, 0x00000000ead00000, 0x00000000ead00000|100%|HS|  |TAMS 0x00000000ead00000, 0x00000000ead00000| Complete 
| 685|0x00000000ead00000, 0x00000000eae00000, 0x00000000eae00000|100%|HC|  |TAMS 0x00000000eae00000, 0x00000000eae00000| Complete 
| 686|0x00000000eae00000, 0x00000000eaf00000, 0x00000000eaf00000|100%|HS|  |TAMS 0x00000000eaf00000, 0x00000000eaf00000| Complete 
| 687|0x00000000eaf00000, 0x00000000eb000000, 0x00000000eb000000|100%|HC|  |TAMS 0x00000000eb000000, 0x00000000eb000000| Complete 
| 688|0x00000000eb000000, 0x00000000eb100000, 0x00000000eb100000|100%|HS|  |TAMS 0x00000000eb100000, 0x00000000eb100000| Complete 
| 689|0x00000000eb100000, 0x00000000eb200000, 0x00000000eb200000|100%|HC|  |TAMS 0x00000000eb200000, 0x00000000eb200000| Complete 
| 690|0x00000000eb200000, 0x00000000eb300000, 0x00000000eb300000|100%|HS|  |TAMS 0x00000000eb300000, 0x00000000eb300000| Complete 
| 691|0x00000000eb300000, 0x00000000eb400000, 0x00000000eb400000|100%|HC|  |TAMS 0x00000000eb400000, 0x00000000eb400000| Complete 
| 692|0x00000000eb400000, 0x00000000eb400000, 0x00000000eb500000|  0%| F|  |TAMS 0x00000000eb400000, 0x00000000eb400000| Untracked 
| 693|0x00000000eb500000, 0x00000000eb600000, 0x00000000eb600000|100%|HS|  |TAMS 0x00000000eb600000, 0x00000000eb600000| Complete 
| 694|0x00000000eb600000, 0x00000000eb700000, 0x00000000eb700000|100%|HC|  |TAMS 0x00000000eb700000, 0x00000000eb700000| Complete 
| 695|0x00000000eb700000, 0x00000000eb700000, 0x00000000eb800000|  0%| F|  |TAMS 0x00000000eb700000, 0x00000000eb700000| Untracked 
| 696|0x00000000eb800000, 0x00000000eb900000, 0x00000000eb900000|100%|HS|  |TAMS 0x00000000eb900000, 0x00000000eb900000| Complete 
| 697|0x00000000eb900000, 0x00000000eba00000, 0x00000000eba00000|100%|HC|  |TAMS 0x00000000eba00000, 0x00000000eba00000| Complete 
| 698|0x00000000eba00000, 0x00000000ebb00000, 0x00000000ebb00000|100%|HS|  |TAMS 0x00000000ebb00000, 0x00000000ebb00000| Complete 
| 699|0x00000000ebb00000, 0x00000000ebc00000, 0x00000000ebc00000|100%|HC|  |TAMS 0x00000000ebc00000, 0x00000000ebc00000| Complete 
| 700|0x00000000ebc00000, 0x00000000ebd00000, 0x00000000ebd00000|100%|HS|  |TAMS 0x00000000ebd00000, 0x00000000ebd00000| Complete 
| 701|0x00000000ebd00000, 0x00000000ebd00000, 0x00000000ebe00000|  0%| F|  |TAMS 0x00000000ebd00000, 0x00000000ebd00000| Untracked 
| 702|0x00000000ebe00000, 0x00000000ebe00000, 0x00000000ebf00000|  0%| F|  |TAMS 0x00000000ebe00000, 0x00000000ebe00000| Untracked 
| 703|0x00000000ebf00000, 0x00000000ec000000, 0x00000000ec000000|100%|HS|  |TAMS 0x00000000ec000000, 0x00000000ec000000| Complete 
| 704|0x00000000ec000000, 0x00000000ec100000, 0x00000000ec100000|100%|HC|  |TAMS 0x00000000ec100000, 0x00000000ec100000| Complete 
| 705|0x00000000ec100000, 0x00000000ec200000, 0x00000000ec200000|100%|HS|  |TAMS 0x00000000ec200000, 0x00000000ec200000| Complete 
| 706|0x00000000ec200000, 0x00000000ec300000, 0x00000000ec300000|100%|HC|  |TAMS 0x00000000ec300000, 0x00000000ec300000| Complete 
| 707|0x00000000ec300000, 0x00000000ec400000, 0x00000000ec400000|100%|HS|  |TAMS 0x00000000ec400000, 0x00000000ec400000| Complete 
| 708|0x00000000ec400000, 0x00000000ec500000, 0x00000000ec500000|100%|HC|  |TAMS 0x00000000ec500000, 0x00000000ec500000| Complete 
| 709|0x00000000ec500000, 0x00000000ec600000, 0x00000000ec600000|100%|HS|  |TAMS 0x00000000ec600000, 0x00000000ec600000| Complete 
| 710|0x00000000ec600000, 0x00000000ec700000, 0x00000000ec700000|100%|HC|  |TAMS 0x00000000ec700000, 0x00000000ec700000| Complete 
| 711|0x00000000ec700000, 0x00000000ec800000, 0x00000000ec800000|100%|HS|  |TAMS 0x00000000ec800000, 0x00000000ec800000| Complete 
| 712|0x00000000ec800000, 0x00000000ec900000, 0x00000000ec900000|100%|HC|  |TAMS 0x00000000ec900000, 0x00000000ec900000| Complete 
| 713|0x00000000ec900000, 0x00000000eca00000, 0x00000000eca00000|100%|HS|  |TAMS 0x00000000eca00000, 0x00000000eca00000| Complete 
| 714|0x00000000eca00000, 0x00000000ecb00000, 0x00000000ecb00000|100%|HC|  |TAMS 0x00000000ecb00000, 0x00000000ecb00000| Complete 
| 715|0x00000000ecb00000, 0x00000000ecc00000, 0x00000000ecc00000|100%|HS|  |TAMS 0x00000000ecc00000, 0x00000000ecc00000| Complete 
| 716|0x00000000ecc00000, 0x00000000ecd00000, 0x00000000ecd00000|100%|HC|  |TAMS 0x00000000ecd00000, 0x00000000ecd00000| Complete 
| 717|0x00000000ecd00000, 0x00000000ecd00000, 0x00000000ece00000|  0%| F|  |TAMS 0x00000000ecd00000, 0x00000000ecd00000| Untracked 
| 718|0x00000000ece00000, 0x00000000ecf00000, 0x00000000ecf00000|100%|HS|  |TAMS 0x00000000ecf00000, 0x00000000ecf00000| Complete 
| 719|0x00000000ecf00000, 0x00000000ed000000, 0x00000000ed000000|100%|HC|  |TAMS 0x00000000ed000000, 0x00000000ed000000| Complete 
| 720|0x00000000ed000000, 0x00000000ed100000, 0x00000000ed100000|100%|HS|  |TAMS 0x00000000ed100000, 0x00000000ed100000| Complete 
| 721|0x00000000ed100000, 0x00000000ed200000, 0x00000000ed200000|100%|HC|  |TAMS 0x00000000ed200000, 0x00000000ed200000| Complete 
| 722|0x00000000ed200000, 0x00000000ed300000, 0x00000000ed300000|100%|HS|  |TAMS 0x00000000ed300000, 0x00000000ed300000| Complete 
| 723|0x00000000ed300000, 0x00000000ed400000, 0x00000000ed400000|100%|HC|  |TAMS 0x00000000ed400000, 0x00000000ed400000| Complete 
| 724|0x00000000ed400000, 0x00000000ed500000, 0x00000000ed500000|100%|HS|  |TAMS 0x00000000ed500000, 0x00000000ed500000| Complete 
| 725|0x00000000ed500000, 0x00000000ed600000, 0x00000000ed600000|100%|HC|  |TAMS 0x00000000ed600000, 0x00000000ed600000| Complete 
| 726|0x00000000ed600000, 0x00000000ed700000, 0x00000000ed700000|100%|HS|  |TAMS 0x00000000ed700000, 0x00000000ed700000| Complete 
| 727|0x00000000ed700000, 0x00000000ed800000, 0x00000000ed800000|100%|HC|  |TAMS 0x00000000ed800000, 0x00000000ed800000| Complete 
| 728|0x00000000ed800000, 0x00000000ed900000, 0x00000000ed900000|100%|HS|  |TAMS 0x00000000ed900000, 0x00000000ed900000| Complete 
| 729|0x00000000ed900000, 0x00000000eda00000, 0x00000000eda00000|100%|HC|  |TAMS 0x00000000eda00000, 0x00000000eda00000| Complete 
| 730|0x00000000eda00000, 0x00000000edb00000, 0x00000000edb00000|100%|HS|  |TAMS 0x00000000edb00000, 0x00000000edb00000| Complete 
| 731|0x00000000edb00000, 0x00000000edc00000, 0x00000000edc00000|100%|HC|  |TAMS 0x00000000edc00000, 0x00000000edc00000| Complete 
| 732|0x00000000edc00000, 0x00000000edd00000, 0x00000000edd00000|100%|HS|  |TAMS 0x00000000edd00000, 0x00000000edd00000| Complete 
| 733|0x00000000edd00000, 0x00000000ede00000, 0x00000000ede00000|100%|HC|  |TAMS 0x00000000ede00000, 0x00000000ede00000| Complete 
| 734|0x00000000ede00000, 0x00000000edf00000, 0x00000000edf00000|100%|HS|  |TAMS 0x00000000edf00000, 0x00000000edf00000| Complete 
| 735|0x00000000edf00000, 0x00000000ee000000, 0x00000000ee000000|100%|HC|  |TAMS 0x00000000ee000000, 0x00000000ee000000| Complete 
| 736|0x00000000ee000000, 0x00000000ee100000, 0x00000000ee100000|100%|HS|  |TAMS 0x00000000ee100000, 0x00000000ee100000| Complete 
| 737|0x00000000ee100000, 0x00000000ee200000, 0x00000000ee200000|100%|HC|  |TAMS 0x00000000ee200000, 0x00000000ee200000| Complete 
| 738|0x00000000ee200000, 0x00000000ee300000, 0x00000000ee300000|100%|HS|  |TAMS 0x00000000ee300000, 0x00000000ee300000| Complete 
| 739|0x00000000ee300000, 0x00000000ee400000, 0x00000000ee400000|100%|HC|  |TAMS 0x00000000ee400000, 0x00000000ee400000| Complete 
| 740|0x00000000ee400000, 0x00000000ee500000, 0x00000000ee500000|100%|HS|  |TAMS 0x00000000ee500000, 0x00000000ee500000| Complete 
| 741|0x00000000ee500000, 0x00000000ee600000, 0x00000000ee600000|100%|HC|  |TAMS 0x00000000ee600000, 0x00000000ee600000| Complete 
| 742|0x00000000ee600000, 0x00000000ee700000, 0x00000000ee700000|100%|HS|  |TAMS 0x00000000ee700000, 0x00000000ee700000| Complete 
| 743|0x00000000ee700000, 0x00000000ee800000, 0x00000000ee800000|100%|HC|  |TAMS 0x00000000ee800000, 0x00000000ee800000| Complete 
| 744|0x00000000ee800000, 0x00000000ee900000, 0x00000000ee900000|100%|HS|  |TAMS 0x00000000ee900000, 0x00000000ee900000| Complete 
| 745|0x00000000ee900000, 0x00000000eea00000, 0x00000000eea00000|100%|HC|  |TAMS 0x00000000eea00000, 0x00000000eea00000| Complete 
| 746|0x00000000eea00000, 0x00000000eeb00000, 0x00000000eeb00000|100%|HS|  |TAMS 0x00000000eeb00000, 0x00000000eeb00000| Complete 
| 747|0x00000000eeb00000, 0x00000000eec00000, 0x00000000eec00000|100%|HC|  |TAMS 0x00000000eec00000, 0x00000000eec00000| Complete 
| 748|0x00000000eec00000, 0x00000000eed00000, 0x00000000eed00000|100%|HS|  |TAMS 0x00000000eed00000, 0x00000000eed00000| Complete 
| 749|0x00000000eed00000, 0x00000000eee00000, 0x00000000eee00000|100%|HC|  |TAMS 0x00000000eee00000, 0x00000000eee00000| Complete 
| 750|0x00000000eee00000, 0x00000000eef00000, 0x00000000eef00000|100%|HS|  |TAMS 0x00000000eef00000, 0x00000000eef00000| Complete 
| 751|0x00000000eef00000, 0x00000000ef000000, 0x00000000ef000000|100%|HC|  |TAMS 0x00000000ef000000, 0x00000000ef000000| Complete 
| 752|0x00000000ef000000, 0x00000000ef100000, 0x00000000ef100000|100%|HS|  |TAMS 0x00000000ef100000, 0x00000000ef100000| Complete 
| 753|0x00000000ef100000, 0x00000000ef200000, 0x00000000ef200000|100%|HC|  |TAMS 0x00000000ef200000, 0x00000000ef200000| Complete 
| 754|0x00000000ef200000, 0x00000000ef300000, 0x00000000ef300000|100%|HS|  |TAMS 0x00000000ef300000, 0x00000000ef300000| Complete 
| 755|0x00000000ef300000, 0x00000000ef400000, 0x00000000ef400000|100%|HC|  |TAMS 0x00000000ef400000, 0x00000000ef400000| Complete 
| 756|0x00000000ef400000, 0x00000000ef500000, 0x00000000ef500000|100%|HS|  |TAMS 0x00000000ef500000, 0x00000000ef500000| Complete 
| 757|0x00000000ef500000, 0x00000000ef600000, 0x00000000ef600000|100%|HC|  |TAMS 0x00000000ef600000, 0x00000000ef600000| Complete 
| 758|0x00000000ef600000, 0x00000000ef700000, 0x00000000ef700000|100%|HS|  |TAMS 0x00000000ef700000, 0x00000000ef700000| Complete 
| 759|0x00000000ef700000, 0x00000000ef800000, 0x00000000ef800000|100%|HC|  |TAMS 0x00000000ef800000, 0x00000000ef800000| Complete 
| 760|0x00000000ef800000, 0x00000000ef900000, 0x00000000ef900000|100%|HS|  |TAMS 0x00000000ef900000, 0x00000000ef900000| Complete 
| 761|0x00000000ef900000, 0x00000000efa00000, 0x00000000efa00000|100%|HC|  |TAMS 0x00000000efa00000, 0x00000000efa00000| Complete 
| 762|0x00000000efa00000, 0x00000000efb00000, 0x00000000efb00000|100%|HS|  |TAMS 0x00000000efb00000, 0x00000000efb00000| Complete 
| 763|0x00000000efb00000, 0x00000000efc00000, 0x00000000efc00000|100%|HC|  |TAMS 0x00000000efc00000, 0x00000000efc00000| Complete 
| 764|0x00000000efc00000, 0x00000000efd00000, 0x00000000efd00000|100%|HS|  |TAMS 0x00000000efd00000, 0x00000000efd00000| Complete 
| 765|0x00000000efd00000, 0x00000000efe00000, 0x00000000efe00000|100%|HC|  |TAMS 0x00000000efe00000, 0x00000000efe00000| Complete 
| 766|0x00000000efe00000, 0x00000000eff00000, 0x00000000eff00000|100%|HS|  |TAMS 0x00000000eff00000, 0x00000000eff00000| Complete 
| 767|0x00000000eff00000, 0x00000000f0000000, 0x00000000f0000000|100%|HC|  |TAMS 0x00000000f0000000, 0x00000000f0000000| Complete 
| 768|0x00000000f0000000, 0x00000000f0100000, 0x00000000f0100000|100%|HS|  |TAMS 0x00000000f0100000, 0x00000000f0100000| Complete 
| 769|0x00000000f0100000, 0x00000000f0200000, 0x00000000f0200000|100%|HC|  |TAMS 0x00000000f0200000, 0x00000000f0200000| Complete 
| 770|0x00000000f0200000, 0x00000000f0300000, 0x00000000f0300000|100%|HS|  |TAMS 0x00000000f0300000, 0x00000000f0300000| Complete 
| 771|0x00000000f0300000, 0x00000000f0400000, 0x00000000f0400000|100%|HC|  |TAMS 0x00000000f0400000, 0x00000000f0400000| Complete 
| 772|0x00000000f0400000, 0x00000000f0500000, 0x00000000f0500000|100%|HS|  |TAMS 0x00000000f0500000, 0x00000000f0500000| Complete 
| 773|0x00000000f0500000, 0x00000000f0600000, 0x00000000f0600000|100%|HC|  |TAMS 0x00000000f0600000, 0x00000000f0600000| Complete 
| 774|0x00000000f0600000, 0x00000000f0700000, 0x00000000f0700000|100%|HS|  |TAMS 0x00000000f0700000, 0x00000000f0700000| Complete 
| 775|0x00000000f0700000, 0x00000000f0800000, 0x00000000f0800000|100%|HC|  |TAMS 0x00000000f0800000, 0x00000000f0800000| Complete 
| 776|0x00000000f0800000, 0x00000000f0900000, 0x00000000f0900000|100%|HS|  |TAMS 0x00000000f0900000, 0x00000000f0900000| Complete 
| 777|0x00000000f0900000, 0x00000000f0a00000, 0x00000000f0a00000|100%|HC|  |TAMS 0x00000000f0a00000, 0x00000000f0a00000| Complete 
| 778|0x00000000f0a00000, 0x00000000f0b00000, 0x00000000f0b00000|100%|HS|  |TAMS 0x00000000f0b00000, 0x00000000f0b00000| Complete 
| 779|0x00000000f0b00000, 0x00000000f0c00000, 0x00000000f0c00000|100%|HC|  |TAMS 0x00000000f0c00000, 0x00000000f0c00000| Complete 
| 780|0x00000000f0c00000, 0x00000000f0d00000, 0x00000000f0d00000|100%|HS|  |TAMS 0x00000000f0d00000, 0x00000000f0d00000| Complete 
| 781|0x00000000f0d00000, 0x00000000f0e00000, 0x00000000f0e00000|100%|HC|  |TAMS 0x00000000f0e00000, 0x00000000f0e00000| Complete 
| 782|0x00000000f0e00000, 0x00000000f0f00000, 0x00000000f0f00000|100%|HS|  |TAMS 0x00000000f0f00000, 0x00000000f0f00000| Complete 
| 783|0x00000000f0f00000, 0x00000000f1000000, 0x00000000f1000000|100%|HC|  |TAMS 0x00000000f1000000, 0x00000000f1000000| Complete 
| 784|0x00000000f1000000, 0x00000000f1100000, 0x00000000f1100000|100%|HS|  |TAMS 0x00000000f1100000, 0x00000000f1100000| Complete 
| 785|0x00000000f1100000, 0x00000000f1200000, 0x00000000f1200000|100%|HC|  |TAMS 0x00000000f1200000, 0x00000000f1200000| Complete 
| 786|0x00000000f1200000, 0x00000000f1300000, 0x00000000f1300000|100%|HS|  |TAMS 0x00000000f1300000, 0x00000000f1300000| Complete 
| 787|0x00000000f1300000, 0x00000000f1400000, 0x00000000f1400000|100%|HC|  |TAMS 0x00000000f1400000, 0x00000000f1400000| Complete 
| 788|0x00000000f1400000, 0x00000000f1500000, 0x00000000f1500000|100%|HS|  |TAMS 0x00000000f1500000, 0x00000000f1500000| Complete 
| 789|0x00000000f1500000, 0x00000000f1600000, 0x00000000f1600000|100%|HC|  |TAMS 0x00000000f1600000, 0x00000000f1600000| Complete 
| 790|0x00000000f1600000, 0x00000000f1700000, 0x00000000f1700000|100%|HS|  |TAMS 0x00000000f1700000, 0x00000000f1700000| Complete 
| 791|0x00000000f1700000, 0x00000000f1800000, 0x00000000f1800000|100%|HC|  |TAMS 0x00000000f1800000, 0x00000000f1800000| Complete 
| 792|0x00000000f1800000, 0x00000000f1900000, 0x00000000f1900000|100%|HS|  |TAMS 0x00000000f1900000, 0x00000000f1900000| Complete 
| 793|0x00000000f1900000, 0x00000000f1a00000, 0x00000000f1a00000|100%|HC|  |TAMS 0x00000000f1a00000, 0x00000000f1a00000| Complete 
| 794|0x00000000f1a00000, 0x00000000f1b00000, 0x00000000f1b00000|100%|HS|  |TAMS 0x00000000f1a00000, 0x00000000f1b00000| Complete 
| 795|0x00000000f1b00000, 0x00000000f1c00000, 0x00000000f1c00000|100%|HC|  |TAMS 0x00000000f1b00000, 0x00000000f1c00000| Complete 
| 796|0x00000000f1c00000, 0x00000000f1d00000, 0x00000000f1d00000|100%|HS|  |TAMS 0x00000000f1d00000, 0x00000000f1d00000| Complete 
| 797|0x00000000f1d00000, 0x00000000f1e00000, 0x00000000f1e00000|100%|HC|  |TAMS 0x00000000f1e00000, 0x00000000f1e00000| Complete 
| 798|0x00000000f1e00000, 0x00000000f1f00000, 0x00000000f1f00000|100%|HS|  |TAMS 0x00000000f1f00000, 0x00000000f1f00000| Complete 
| 799|0x00000000f1f00000, 0x00000000f2000000, 0x00000000f2000000|100%|HC|  |TAMS 0x00000000f2000000, 0x00000000f2000000| Complete 
| 800|0x00000000f2000000, 0x00000000f2100000, 0x00000000f2100000|100%|HS|  |TAMS 0x00000000f2100000, 0x00000000f2100000| Complete 
| 801|0x00000000f2100000, 0x00000000f2200000, 0x00000000f2200000|100%|HC|  |TAMS 0x00000000f2200000, 0x00000000f2200000| Complete 
| 802|0x00000000f2200000, 0x00000000f2300000, 0x00000000f2300000|100%|HS|  |TAMS 0x00000000f2300000, 0x00000000f2300000| Complete 
| 803|0x00000000f2300000, 0x00000000f2400000, 0x00000000f2400000|100%|HC|  |TAMS 0x00000000f2400000, 0x00000000f2400000| Complete 
| 804|0x00000000f2400000, 0x00000000f2500000, 0x00000000f2500000|100%|HS|  |TAMS 0x00000000f2500000, 0x00000000f2500000| Complete 
| 805|0x00000000f2500000, 0x00000000f2600000, 0x00000000f2600000|100%|HC|  |TAMS 0x00000000f2600000, 0x00000000f2600000| Complete 
| 806|0x00000000f2600000, 0x00000000f2700000, 0x00000000f2700000|100%|HS|  |TAMS 0x00000000f2700000, 0x00000000f2700000| Complete 
| 807|0x00000000f2700000, 0x00000000f2800000, 0x00000000f2800000|100%|HC|  |TAMS 0x00000000f2800000, 0x00000000f2800000| Complete 
| 808|0x00000000f2800000, 0x00000000f2900000, 0x00000000f2900000|100%|HS|  |TAMS 0x00000000f2900000, 0x00000000f2900000| Complete 
| 809|0x00000000f2900000, 0x00000000f2a00000, 0x00000000f2a00000|100%|HC|  |TAMS 0x00000000f2a00000, 0x00000000f2a00000| Complete 
| 810|0x00000000f2a00000, 0x00000000f2b00000, 0x00000000f2b00000|100%|HS|  |TAMS 0x00000000f2b00000, 0x00000000f2b00000| Complete 
| 811|0x00000000f2b00000, 0x00000000f2c00000, 0x00000000f2c00000|100%|HC|  |TAMS 0x00000000f2c00000, 0x00000000f2c00000| Complete 
| 812|0x00000000f2c00000, 0x00000000f2d00000, 0x00000000f2d00000|100%|HS|  |TAMS 0x00000000f2d00000, 0x00000000f2d00000| Complete 
| 813|0x00000000f2d00000, 0x00000000f2e00000, 0x00000000f2e00000|100%|HC|  |TAMS 0x00000000f2e00000, 0x00000000f2e00000| Complete 
| 814|0x00000000f2e00000, 0x00000000f2f00000, 0x00000000f2f00000|100%|HS|  |TAMS 0x00000000f2f00000, 0x00000000f2f00000| Complete 
| 815|0x00000000f2f00000, 0x00000000f3000000, 0x00000000f3000000|100%|HC|  |TAMS 0x00000000f3000000, 0x00000000f3000000| Complete 
| 816|0x00000000f3000000, 0x00000000f3100000, 0x00000000f3100000|100%|HS|  |TAMS 0x00000000f3100000, 0x00000000f3100000| Complete 
| 817|0x00000000f3100000, 0x00000000f3200000, 0x00000000f3200000|100%|HC|  |TAMS 0x00000000f3200000, 0x00000000f3200000| Complete 
| 818|0x00000000f3200000, 0x00000000f3300000, 0x00000000f3300000|100%|HS|  |TAMS 0x00000000f3300000, 0x00000000f3300000| Complete 
| 819|0x00000000f3300000, 0x00000000f3400000, 0x00000000f3400000|100%|HC|  |TAMS 0x00000000f3400000, 0x00000000f3400000| Complete 
| 820|0x00000000f3400000, 0x00000000f3500000, 0x00000000f3500000|100%|HS|  |TAMS 0x00000000f3500000, 0x00000000f3500000| Complete 
| 821|0x00000000f3500000, 0x00000000f3600000, 0x00000000f3600000|100%|HC|  |TAMS 0x00000000f3600000, 0x00000000f3600000| Complete 
| 822|0x00000000f3600000, 0x00000000f3700000, 0x00000000f3700000|100%|HS|  |TAMS 0x00000000f3700000, 0x00000000f3700000| Complete 
| 823|0x00000000f3700000, 0x00000000f3800000, 0x00000000f3800000|100%|HC|  |TAMS 0x00000000f3800000, 0x00000000f3800000| Complete 
| 824|0x00000000f3800000, 0x00000000f3900000, 0x00000000f3900000|100%|HS|  |TAMS 0x00000000f3900000, 0x00000000f3900000| Complete 
| 825|0x00000000f3900000, 0x00000000f3a00000, 0x00000000f3a00000|100%|HC|  |TAMS 0x00000000f3a00000, 0x00000000f3a00000| Complete 
| 826|0x00000000f3a00000, 0x00000000f3b00000, 0x00000000f3b00000|100%|HS|  |TAMS 0x00000000f3b00000, 0x00000000f3b00000| Complete 
| 827|0x00000000f3b00000, 0x00000000f3c00000, 0x00000000f3c00000|100%|HC|  |TAMS 0x00000000f3c00000, 0x00000000f3c00000| Complete 
| 828|0x00000000f3c00000, 0x00000000f3d00000, 0x00000000f3d00000|100%|HS|  |TAMS 0x00000000f3d00000, 0x00000000f3d00000| Complete 
| 829|0x00000000f3d00000, 0x00000000f3e00000, 0x00000000f3e00000|100%|HC|  |TAMS 0x00000000f3e00000, 0x00000000f3e00000| Complete 
| 830|0x00000000f3e00000, 0x00000000f3f00000, 0x00000000f3f00000|100%|HS|  |TAMS 0x00000000f3f00000, 0x00000000f3f00000| Complete 
| 831|0x00000000f3f00000, 0x00000000f4000000, 0x00000000f4000000|100%|HC|  |TAMS 0x00000000f4000000, 0x00000000f4000000| Complete 
| 832|0x00000000f4000000, 0x00000000f4100000, 0x00000000f4100000|100%|HS|  |TAMS 0x00000000f4100000, 0x00000000f4100000| Complete 
| 833|0x00000000f4100000, 0x00000000f4200000, 0x00000000f4200000|100%|HC|  |TAMS 0x00000000f4200000, 0x00000000f4200000| Complete 
| 834|0x00000000f4200000, 0x00000000f4300000, 0x00000000f4300000|100%|HS|  |TAMS 0x00000000f4300000, 0x00000000f4300000| Complete 
| 835|0x00000000f4300000, 0x00000000f4400000, 0x00000000f4400000|100%|HC|  |TAMS 0x00000000f4400000, 0x00000000f4400000| Complete 
| 836|0x00000000f4400000, 0x00000000f4500000, 0x00000000f4500000|100%|HS|  |TAMS 0x00000000f4500000, 0x00000000f4500000| Complete 
| 837|0x00000000f4500000, 0x00000000f4600000, 0x00000000f4600000|100%|HC|  |TAMS 0x00000000f4600000, 0x00000000f4600000| Complete 
| 838|0x00000000f4600000, 0x00000000f4700000, 0x00000000f4700000|100%|HS|  |TAMS 0x00000000f4700000, 0x00000000f4700000| Complete 
| 839|0x00000000f4700000, 0x00000000f4800000, 0x00000000f4800000|100%|HC|  |TAMS 0x00000000f4800000, 0x00000000f4800000| Complete 
| 840|0x00000000f4800000, 0x00000000f4900000, 0x00000000f4900000|100%|HS|  |TAMS 0x00000000f4900000, 0x00000000f4900000| Complete 
| 841|0x00000000f4900000, 0x00000000f4a00000, 0x00000000f4a00000|100%|HC|  |TAMS 0x00000000f4a00000, 0x00000000f4a00000| Complete 
| 842|0x00000000f4a00000, 0x00000000f4b00000, 0x00000000f4b00000|100%|HS|  |TAMS 0x00000000f4b00000, 0x00000000f4b00000| Complete 
| 843|0x00000000f4b00000, 0x00000000f4c00000, 0x00000000f4c00000|100%|HC|  |TAMS 0x00000000f4c00000, 0x00000000f4c00000| Complete 
| 844|0x00000000f4c00000, 0x00000000f4d00000, 0x00000000f4d00000|100%|HS|  |TAMS 0x00000000f4d00000, 0x00000000f4d00000| Complete 
| 845|0x00000000f4d00000, 0x00000000f4e00000, 0x00000000f4e00000|100%|HC|  |TAMS 0x00000000f4e00000, 0x00000000f4e00000| Complete 
| 846|0x00000000f4e00000, 0x00000000f4f00000, 0x00000000f4f00000|100%|HS|  |TAMS 0x00000000f4f00000, 0x00000000f4f00000| Complete 
| 847|0x00000000f4f00000, 0x00000000f5000000, 0x00000000f5000000|100%|HC|  |TAMS 0x00000000f5000000, 0x00000000f5000000| Complete 
| 848|0x00000000f5000000, 0x00000000f5100000, 0x00000000f5100000|100%|HS|  |TAMS 0x00000000f5100000, 0x00000000f5100000| Complete 
| 849|0x00000000f5100000, 0x00000000f5200000, 0x00000000f5200000|100%|HC|  |TAMS 0x00000000f5200000, 0x00000000f5200000| Complete 
| 850|0x00000000f5200000, 0x00000000f5300000, 0x00000000f5300000|100%|HS|  |TAMS 0x00000000f5300000, 0x00000000f5300000| Complete 
| 851|0x00000000f5300000, 0x00000000f5400000, 0x00000000f5400000|100%|HC|  |TAMS 0x00000000f5400000, 0x00000000f5400000| Complete 
| 852|0x00000000f5400000, 0x00000000f5500000, 0x00000000f5500000|100%|HS|  |TAMS 0x00000000f5500000, 0x00000000f5500000| Complete 
| 853|0x00000000f5500000, 0x00000000f5600000, 0x00000000f5600000|100%|HC|  |TAMS 0x00000000f5600000, 0x00000000f5600000| Complete 
| 854|0x00000000f5600000, 0x00000000f5700000, 0x00000000f5700000|100%|HS|  |TAMS 0x00000000f5700000, 0x00000000f5700000| Complete 
| 855|0x00000000f5700000, 0x00000000f5800000, 0x00000000f5800000|100%|HC|  |TAMS 0x00000000f5800000, 0x00000000f5800000| Complete 
| 856|0x00000000f5800000, 0x00000000f5900000, 0x00000000f5900000|100%|HS|  |TAMS 0x00000000f5900000, 0x00000000f5900000| Complete 
| 857|0x00000000f5900000, 0x00000000f5a00000, 0x00000000f5a00000|100%|HC|  |TAMS 0x00000000f5a00000, 0x00000000f5a00000| Complete 
| 858|0x00000000f5a00000, 0x00000000f5b00000, 0x00000000f5b00000|100%|HS|  |TAMS 0x00000000f5b00000, 0x00000000f5b00000| Complete 
| 859|0x00000000f5b00000, 0x00000000f5c00000, 0x00000000f5c00000|100%|HC|  |TAMS 0x00000000f5c00000, 0x00000000f5c00000| Complete 
| 860|0x00000000f5c00000, 0x00000000f5d00000, 0x00000000f5d00000|100%|HS|  |TAMS 0x00000000f5d00000, 0x00000000f5d00000| Complete 
| 861|0x00000000f5d00000, 0x00000000f5e00000, 0x00000000f5e00000|100%|HC|  |TAMS 0x00000000f5e00000, 0x00000000f5e00000| Complete 
| 862|0x00000000f5e00000, 0x00000000f5f00000, 0x00000000f5f00000|100%|HS|  |TAMS 0x00000000f5f00000, 0x00000000f5f00000| Complete 
| 863|0x00000000f5f00000, 0x00000000f6000000, 0x00000000f6000000|100%|HC|  |TAMS 0x00000000f6000000, 0x00000000f6000000| Complete 
| 864|0x00000000f6000000, 0x00000000f6100000, 0x00000000f6100000|100%|HS|  |TAMS 0x00000000f6100000, 0x00000000f6100000| Complete 
| 865|0x00000000f6100000, 0x00000000f6200000, 0x00000000f6200000|100%|HC|  |TAMS 0x00000000f6200000, 0x00000000f6200000| Complete 
| 866|0x00000000f6200000, 0x00000000f6300000, 0x00000000f6300000|100%|HS|  |TAMS 0x00000000f6300000, 0x00000000f6300000| Complete 
| 867|0x00000000f6300000, 0x00000000f6400000, 0x00000000f6400000|100%|HC|  |TAMS 0x00000000f6400000, 0x00000000f6400000| Complete 
| 868|0x00000000f6400000, 0x00000000f6500000, 0x00000000f6500000|100%|HS|  |TAMS 0x00000000f6500000, 0x00000000f6500000| Complete 
| 869|0x00000000f6500000, 0x00000000f6600000, 0x00000000f6600000|100%|HC|  |TAMS 0x00000000f6600000, 0x00000000f6600000| Complete 
| 870|0x00000000f6600000, 0x00000000f6700000, 0x00000000f6700000|100%|HS|  |TAMS 0x00000000f6700000, 0x00000000f6700000| Complete 
| 871|0x00000000f6700000, 0x00000000f6800000, 0x00000000f6800000|100%|HC|  |TAMS 0x00000000f6800000, 0x00000000f6800000| Complete 
| 872|0x00000000f6800000, 0x00000000f6900000, 0x00000000f6900000|100%|HS|  |TAMS 0x00000000f6900000, 0x00000000f6900000| Complete 
| 873|0x00000000f6900000, 0x00000000f6a00000, 0x00000000f6a00000|100%|HC|  |TAMS 0x00000000f6a00000, 0x00000000f6a00000| Complete 
| 874|0x00000000f6a00000, 0x00000000f6b00000, 0x00000000f6b00000|100%|HS|  |TAMS 0x00000000f6b00000, 0x00000000f6b00000| Complete 
| 875|0x00000000f6b00000, 0x00000000f6c00000, 0x00000000f6c00000|100%|HC|  |TAMS 0x00000000f6c00000, 0x00000000f6c00000| Complete 
| 876|0x00000000f6c00000, 0x00000000f6d00000, 0x00000000f6d00000|100%|HS|  |TAMS 0x00000000f6d00000, 0x00000000f6d00000| Complete 
| 877|0x00000000f6d00000, 0x00000000f6e00000, 0x00000000f6e00000|100%|HC|  |TAMS 0x00000000f6e00000, 0x00000000f6e00000| Complete 
| 878|0x00000000f6e00000, 0x00000000f6f00000, 0x00000000f6f00000|100%|HS|  |TAMS 0x00000000f6f00000, 0x00000000f6f00000| Complete 
| 879|0x00000000f6f00000, 0x00000000f7000000, 0x00000000f7000000|100%|HC|  |TAMS 0x00000000f7000000, 0x00000000f7000000| Complete 
| 880|0x00000000f7000000, 0x00000000f7100000, 0x00000000f7100000|100%|HS|  |TAMS 0x00000000f7100000, 0x00000000f7100000| Complete 
| 881|0x00000000f7100000, 0x00000000f7200000, 0x00000000f7200000|100%|HC|  |TAMS 0x00000000f7200000, 0x00000000f7200000| Complete 
| 882|0x00000000f7200000, 0x00000000f7300000, 0x00000000f7300000|100%|HS|  |TAMS 0x00000000f7300000, 0x00000000f7300000| Complete 
| 883|0x00000000f7300000, 0x00000000f7400000, 0x00000000f7400000|100%|HC|  |TAMS 0x00000000f7400000, 0x00000000f7400000| Complete 
| 884|0x00000000f7400000, 0x00000000f7500000, 0x00000000f7500000|100%|HS|  |TAMS 0x00000000f7500000, 0x00000000f7500000| Complete 
| 885|0x00000000f7500000, 0x00000000f7600000, 0x00000000f7600000|100%|HC|  |TAMS 0x00000000f7600000, 0x00000000f7600000| Complete 
| 886|0x00000000f7600000, 0x00000000f7700000, 0x00000000f7700000|100%|HS|  |TAMS 0x00000000f7700000, 0x00000000f7700000| Complete 
| 887|0x00000000f7700000, 0x00000000f7800000, 0x00000000f7800000|100%|HC|  |TAMS 0x00000000f7800000, 0x00000000f7800000| Complete 
| 888|0x00000000f7800000, 0x00000000f7900000, 0x00000000f7900000|100%|HS|  |TAMS 0x00000000f7900000, 0x00000000f7900000| Complete 
| 889|0x00000000f7900000, 0x00000000f7a00000, 0x00000000f7a00000|100%|HC|  |TAMS 0x00000000f7a00000, 0x00000000f7a00000| Complete 
| 890|0x00000000f7a00000, 0x00000000f7b00000, 0x00000000f7b00000|100%|HS|  |TAMS 0x00000000f7b00000, 0x00000000f7b00000| Complete 
| 891|0x00000000f7b00000, 0x00000000f7c00000, 0x00000000f7c00000|100%|HC|  |TAMS 0x00000000f7c00000, 0x00000000f7c00000| Complete 
| 892|0x00000000f7c00000, 0x00000000f7d00000, 0x00000000f7d00000|100%|HS|  |TAMS 0x00000000f7d00000, 0x00000000f7d00000| Complete 
| 893|0x00000000f7d00000, 0x00000000f7e00000, 0x00000000f7e00000|100%|HC|  |TAMS 0x00000000f7e00000, 0x00000000f7e00000| Complete 
| 894|0x00000000f7e00000, 0x00000000f7f00000, 0x00000000f7f00000|100%|HS|  |TAMS 0x00000000f7f00000, 0x00000000f7f00000| Complete 
| 895|0x00000000f7f00000, 0x00000000f8000000, 0x00000000f8000000|100%|HC|  |TAMS 0x00000000f8000000, 0x00000000f8000000| Complete 
| 896|0x00000000f8000000, 0x00000000f8100000, 0x00000000f8100000|100%|HS|  |TAMS 0x00000000f8100000, 0x00000000f8100000| Complete 
| 897|0x00000000f8100000, 0x00000000f8200000, 0x00000000f8200000|100%|HC|  |TAMS 0x00000000f8200000, 0x00000000f8200000| Complete 
| 898|0x00000000f8200000, 0x00000000f8300000, 0x00000000f8300000|100%|HS|  |TAMS 0x00000000f8300000, 0x00000000f8300000| Complete 
| 899|0x00000000f8300000, 0x00000000f8400000, 0x00000000f8400000|100%|HC|  |TAMS 0x00000000f8400000, 0x00000000f8400000| Complete 
| 900|0x00000000f8400000, 0x00000000f8500000, 0x00000000f8500000|100%|HS|  |TAMS 0x00000000f8500000, 0x00000000f8500000| Complete 
| 901|0x00000000f8500000, 0x00000000f8600000, 0x00000000f8600000|100%|HC|  |TAMS 0x00000000f8600000, 0x00000000f8600000| Complete 
| 902|0x00000000f8600000, 0x00000000f8700000, 0x00000000f8700000|100%|HS|  |TAMS 0x00000000f8700000, 0x00000000f8700000| Complete 
| 903|0x00000000f8700000, 0x00000000f8800000, 0x00000000f8800000|100%|HC|  |TAMS 0x00000000f8800000, 0x00000000f8800000| Complete 
| 904|0x00000000f8800000, 0x00000000f8900000, 0x00000000f8900000|100%|HS|  |TAMS 0x00000000f8900000, 0x00000000f8900000| Complete 
| 905|0x00000000f8900000, 0x00000000f8a00000, 0x00000000f8a00000|100%|HC|  |TAMS 0x00000000f8a00000, 0x00000000f8a00000| Complete 
| 906|0x00000000f8a00000, 0x00000000f8b00000, 0x00000000f8b00000|100%|HS|  |TAMS 0x00000000f8b00000, 0x00000000f8b00000| Complete 
| 907|0x00000000f8b00000, 0x00000000f8c00000, 0x00000000f8c00000|100%|HC|  |TAMS 0x00000000f8c00000, 0x00000000f8c00000| Complete 
| 908|0x00000000f8c00000, 0x00000000f8d00000, 0x00000000f8d00000|100%|HS|  |TAMS 0x00000000f8d00000, 0x00000000f8d00000| Complete 
| 909|0x00000000f8d00000, 0x00000000f8e00000, 0x00000000f8e00000|100%|HC|  |TAMS 0x00000000f8e00000, 0x00000000f8e00000| Complete 
| 910|0x00000000f8e00000, 0x00000000f8f00000, 0x00000000f8f00000|100%|HS|  |TAMS 0x00000000f8f00000, 0x00000000f8f00000| Complete 
| 911|0x00000000f8f00000, 0x00000000f9000000, 0x00000000f9000000|100%|HC|  |TAMS 0x00000000f9000000, 0x00000000f9000000| Complete 
| 912|0x00000000f9000000, 0x00000000f9100000, 0x00000000f9100000|100%|HS|  |TAMS 0x00000000f9100000, 0x00000000f9100000| Complete 
| 913|0x00000000f9100000, 0x00000000f9200000, 0x00000000f9200000|100%|HC|  |TAMS 0x00000000f9200000, 0x00000000f9200000| Complete 
| 914|0x00000000f9200000, 0x00000000f9300000, 0x00000000f9300000|100%|HS|  |TAMS 0x00000000f9300000, 0x00000000f9300000| Complete 
| 915|0x00000000f9300000, 0x00000000f9400000, 0x00000000f9400000|100%|HC|  |TAMS 0x00000000f9400000, 0x00000000f9400000| Complete 
| 916|0x00000000f9400000, 0x00000000f9500000, 0x00000000f9500000|100%|HS|  |TAMS 0x00000000f9500000, 0x00000000f9500000| Complete 
| 917|0x00000000f9500000, 0x00000000f9600000, 0x00000000f9600000|100%|HC|  |TAMS 0x00000000f9600000, 0x00000000f9600000| Complete 
| 918|0x00000000f9600000, 0x00000000f9700000, 0x00000000f9700000|100%|HS|  |TAMS 0x00000000f9700000, 0x00000000f9700000| Complete 
| 919|0x00000000f9700000, 0x00000000f9800000, 0x00000000f9800000|100%|HC|  |TAMS 0x00000000f9800000, 0x00000000f9800000| Complete 
| 920|0x00000000f9800000, 0x00000000f9900000, 0x00000000f9900000|100%|HS|  |TAMS 0x00000000f9900000, 0x00000000f9900000| Complete 
| 921|0x00000000f9900000, 0x00000000f9a00000, 0x00000000f9a00000|100%|HC|  |TAMS 0x00000000f9a00000, 0x00000000f9a00000| Complete 
| 922|0x00000000f9a00000, 0x00000000f9b00000, 0x00000000f9b00000|100%|HS|  |TAMS 0x00000000f9b00000, 0x00000000f9b00000| Complete 
| 923|0x00000000f9b00000, 0x00000000f9c00000, 0x00000000f9c00000|100%|HC|  |TAMS 0x00000000f9c00000, 0x00000000f9c00000| Complete 
| 924|0x00000000f9c00000, 0x00000000f9d00000, 0x00000000f9d00000|100%|HS|  |TAMS 0x00000000f9d00000, 0x00000000f9d00000| Complete 
| 925|0x00000000f9d00000, 0x00000000f9e00000, 0x00000000f9e00000|100%|HC|  |TAMS 0x00000000f9e00000, 0x00000000f9e00000| Complete 
| 926|0x00000000f9e00000, 0x00000000f9f00000, 0x00000000f9f00000|100%|HS|  |TAMS 0x00000000f9f00000, 0x00000000f9f00000| Complete 
| 927|0x00000000f9f00000, 0x00000000fa000000, 0x00000000fa000000|100%|HC|  |TAMS 0x00000000fa000000, 0x00000000fa000000| Complete 
| 928|0x00000000fa000000, 0x00000000fa100000, 0x00000000fa100000|100%|HS|  |TAMS 0x00000000fa100000, 0x00000000fa100000| Complete 
| 929|0x00000000fa100000, 0x00000000fa200000, 0x00000000fa200000|100%|HC|  |TAMS 0x00000000fa200000, 0x00000000fa200000| Complete 
| 930|0x00000000fa200000, 0x00000000fa300000, 0x00000000fa300000|100%|HS|  |TAMS 0x00000000fa300000, 0x00000000fa300000| Complete 
| 931|0x00000000fa300000, 0x00000000fa400000, 0x00000000fa400000|100%|HC|  |TAMS 0x00000000fa400000, 0x00000000fa400000| Complete 
| 932|0x00000000fa400000, 0x00000000fa500000, 0x00000000fa500000|100%|HS|  |TAMS 0x00000000fa500000, 0x00000000fa500000| Complete 
| 933|0x00000000fa500000, 0x00000000fa600000, 0x00000000fa600000|100%|HC|  |TAMS 0x00000000fa600000, 0x00000000fa600000| Complete 
| 934|0x00000000fa600000, 0x00000000fa700000, 0x00000000fa700000|100%|HS|  |TAMS 0x00000000fa700000, 0x00000000fa700000| Complete 
| 935|0x00000000fa700000, 0x00000000fa800000, 0x00000000fa800000|100%|HC|  |TAMS 0x00000000fa800000, 0x00000000fa800000| Complete 
| 936|0x00000000fa800000, 0x00000000fa8d4ab8, 0x00000000fa900000| 83%| E|  |TAMS 0x00000000fa800000, 0x00000000fa800000| Complete 
| 937|0x00000000fa900000, 0x00000000faa00000, 0x00000000faa00000|100%|HS|  |TAMS 0x00000000faa00000, 0x00000000faa00000| Complete 
| 938|0x00000000faa00000, 0x00000000fab00000, 0x00000000fab00000|100%|HC|  |TAMS 0x00000000fab00000, 0x00000000fab00000| Complete 
| 939|0x00000000fab00000, 0x00000000fac00000, 0x00000000fac00000|100%|HS|  |TAMS 0x00000000fac00000, 0x00000000fac00000| Complete 
| 940|0x00000000fac00000, 0x00000000fad00000, 0x00000000fad00000|100%|HC|  |TAMS 0x00000000fad00000, 0x00000000fad00000| Complete 
| 941|0x00000000fad00000, 0x00000000fae00000, 0x00000000fae00000|100%|HS|  |TAMS 0x00000000fae00000, 0x00000000fae00000| Complete 
| 942|0x00000000fae00000, 0x00000000faf00000, 0x00000000faf00000|100%|HC|  |TAMS 0x00000000faf00000, 0x00000000faf00000| Complete 
| 943|0x00000000faf00000, 0x00000000fb000000, 0x00000000fb000000|100%|HS|  |TAMS 0x00000000fb000000, 0x00000000fb000000| Complete 
| 944|0x00000000fb000000, 0x00000000fb100000, 0x00000000fb100000|100%|HC|  |TAMS 0x00000000fb100000, 0x00000000fb100000| Complete 
| 945|0x00000000fb100000, 0x00000000fb200000, 0x00000000fb200000|100%|HS|  |TAMS 0x00000000fb200000, 0x00000000fb200000| Complete 
| 946|0x00000000fb200000, 0x00000000fb300000, 0x00000000fb300000|100%|HC|  |TAMS 0x00000000fb300000, 0x00000000fb300000| Complete 
| 947|0x00000000fb300000, 0x00000000fb400000, 0x00000000fb400000|100%|HS|  |TAMS 0x00000000fb400000, 0x00000000fb400000| Complete 
| 948|0x00000000fb400000, 0x00000000fb500000, 0x00000000fb500000|100%|HC|  |TAMS 0x00000000fb500000, 0x00000000fb500000| Complete 
| 949|0x00000000fb500000, 0x00000000fb600000, 0x00000000fb600000|100%|HS|  |TAMS 0x00000000fb600000, 0x00000000fb600000| Complete 
| 950|0x00000000fb600000, 0x00000000fb700000, 0x00000000fb700000|100%|HC|  |TAMS 0x00000000fb700000, 0x00000000fb700000| Complete 
| 951|0x00000000fb700000, 0x00000000fb800000, 0x00000000fb800000|100%|HS|  |TAMS 0x00000000fb800000, 0x00000000fb800000| Complete 
| 952|0x00000000fb800000, 0x00000000fb900000, 0x00000000fb900000|100%|HC|  |TAMS 0x00000000fb900000, 0x00000000fb900000| Complete 
| 953|0x00000000fb900000, 0x00000000fba00000, 0x00000000fba00000|100%|HS|  |TAMS 0x00000000fba00000, 0x00000000fba00000| Complete 
| 954|0x00000000fba00000, 0x00000000fbb00000, 0x00000000fbb00000|100%|HC|  |TAMS 0x00000000fbb00000, 0x00000000fbb00000| Complete 
| 955|0x00000000fbb00000, 0x00000000fbc00000, 0x00000000fbc00000|100%|HS|  |TAMS 0x00000000fbc00000, 0x00000000fbc00000| Complete 
| 956|0x00000000fbc00000, 0x00000000fbd00000, 0x00000000fbd00000|100%|HC|  |TAMS 0x00000000fbd00000, 0x00000000fbd00000| Complete 
| 957|0x00000000fbd00000, 0x00000000fbe00000, 0x00000000fbe00000|100%|HS|  |TAMS 0x00000000fbe00000, 0x00000000fbe00000| Complete 
| 958|0x00000000fbe00000, 0x00000000fbf00000, 0x00000000fbf00000|100%|HC|  |TAMS 0x00000000fbf00000, 0x00000000fbf00000| Complete 
| 959|0x00000000fbf00000, 0x00000000fc000000, 0x00000000fc000000|100%|HS|  |TAMS 0x00000000fbf00000, 0x00000000fc000000| Complete 
| 960|0x00000000fc000000, 0x00000000fc100000, 0x00000000fc100000|100%|HC|  |TAMS 0x00000000fc000000, 0x00000000fc100000| Complete 
| 961|0x00000000fc100000, 0x00000000fc200000, 0x00000000fc200000|100%|HS|  |TAMS 0x00000000fc100000, 0x00000000fc200000| Complete 
| 962|0x00000000fc200000, 0x00000000fc300000, 0x00000000fc300000|100%|HC|  |TAMS 0x00000000fc200000, 0x00000000fc300000| Complete 
| 963|0x00000000fc300000, 0x00000000fc400000, 0x00000000fc400000|100%|HS|  |TAMS 0x00000000fc300000, 0x00000000fc400000| Complete 
| 964|0x00000000fc400000, 0x00000000fc500000, 0x00000000fc500000|100%|HC|  |TAMS 0x00000000fc400000, 0x00000000fc500000| Complete 
| 965|0x00000000fc500000, 0x00000000fc600000, 0x00000000fc600000|100%|HS|  |TAMS 0x00000000fc500000, 0x00000000fc600000| Complete 
| 966|0x00000000fc600000, 0x00000000fc700000, 0x00000000fc700000|100%|HC|  |TAMS 0x00000000fc600000, 0x00000000fc700000| Complete 
| 967|0x00000000fc700000, 0x00000000fc800000, 0x00000000fc800000|100%|HS|  |TAMS 0x00000000fc700000, 0x00000000fc800000| Complete 
| 968|0x00000000fc800000, 0x00000000fc900000, 0x00000000fc900000|100%|HC|  |TAMS 0x00000000fc800000, 0x00000000fc900000| Complete 
| 969|0x00000000fc900000, 0x00000000fca00000, 0x00000000fca00000|100%|HS|  |TAMS 0x00000000fc900000, 0x00000000fca00000| Complete 
| 970|0x00000000fca00000, 0x00000000fcb00000, 0x00000000fcb00000|100%|HC|  |TAMS 0x00000000fca00000, 0x00000000fcb00000| Complete 
| 971|0x00000000fcb00000, 0x00000000fcc00000, 0x00000000fcc00000|100%|HS|  |TAMS 0x00000000fcb00000, 0x00000000fcc00000| Complete 
| 972|0x00000000fcc00000, 0x00000000fcd00000, 0x00000000fcd00000|100%|HC|  |TAMS 0x00000000fcc00000, 0x00000000fcd00000| Complete 
| 973|0x00000000fcd00000, 0x00000000fce00000, 0x00000000fce00000|100%|HS|  |TAMS 0x00000000fcd00000, 0x00000000fce00000| Complete 
| 974|0x00000000fce00000, 0x00000000fcf00000, 0x00000000fcf00000|100%|HC|  |TAMS 0x00000000fce00000, 0x00000000fcf00000| Complete 
| 975|0x00000000fcf00000, 0x00000000fd000000, 0x00000000fd000000|100%|HS|  |TAMS 0x00000000fcf00000, 0x00000000fd000000| Complete 
| 976|0x00000000fd000000, 0x00000000fd100000, 0x00000000fd100000|100%|HC|  |TAMS 0x00000000fd000000, 0x00000000fd100000| Complete 
| 977|0x00000000fd100000, 0x00000000fd200000, 0x00000000fd200000|100%| E|CS|TAMS 0x00000000fd100000, 0x00000000fd100000| Complete 
| 978|0x00000000fd200000, 0x00000000fd300000, 0x00000000fd300000|100%| E|CS|TAMS 0x00000000fd200000, 0x00000000fd200000| Complete 
| 979|0x00000000fd300000, 0x00000000fd400000, 0x00000000fd400000|100%| E|CS|TAMS 0x00000000fd300000, 0x00000000fd300000| Complete 
| 980|0x00000000fd400000, 0x00000000fd500000, 0x00000000fd500000|100%| E|CS|TAMS 0x00000000fd400000, 0x00000000fd400000| Complete 
| 981|0x00000000fd500000, 0x00000000fd600000, 0x00000000fd600000|100%|HS|  |TAMS 0x00000000fd500000, 0x00000000fd600000| Complete 
| 982|0x00000000fd600000, 0x00000000fd700000, 0x00000000fd700000|100%|HC|  |TAMS 0x00000000fd600000, 0x00000000fd700000| Complete 
| 983|0x00000000fd700000, 0x00000000fd800000, 0x00000000fd800000|100%| E|CS|TAMS 0x00000000fd700000, 0x00000000fd700000| Complete 
| 984|0x00000000fd800000, 0x00000000fd900000, 0x00000000fd900000|100%| E|CS|TAMS 0x00000000fd800000, 0x00000000fd800000| Complete 
| 985|0x00000000fd900000, 0x00000000fda00000, 0x00000000fda00000|100%| E|CS|TAMS 0x00000000fd900000, 0x00000000fd900000| Complete 
| 986|0x00000000fda00000, 0x00000000fdb00000, 0x00000000fdb00000|100%| E|CS|TAMS 0x00000000fda00000, 0x00000000fda00000| Complete 
| 987|0x00000000fdb00000, 0x00000000fdc00000, 0x00000000fdc00000|100%|HS|  |TAMS 0x00000000fdb00000, 0x00000000fdc00000| Complete 
| 988|0x00000000fdc00000, 0x00000000fdd00000, 0x00000000fdd00000|100%|HC|  |TAMS 0x00000000fdc00000, 0x00000000fdd00000| Complete 
| 989|0x00000000fdd00000, 0x00000000fde00000, 0x00000000fde00000|100%| E|CS|TAMS 0x00000000fdd00000, 0x00000000fdd00000| Complete 
| 990|0x00000000fde00000, 0x00000000fdf00000, 0x00000000fdf00000|100%| E|CS|TAMS 0x00000000fde00000, 0x00000000fde00000| Complete 
| 991|0x00000000fdf00000, 0x00000000fe000000, 0x00000000fe000000|100%| E|CS|TAMS 0x00000000fdf00000, 0x00000000fdf00000| Complete 
| 992|0x00000000fe000000, 0x00000000fe100000, 0x00000000fe100000|100%| E|CS|TAMS 0x00000000fe000000, 0x00000000fe000000| Complete 
| 993|0x00000000fe100000, 0x00000000fe200000, 0x00000000fe200000|100%| E|CS|TAMS 0x00000000fe100000, 0x00000000fe100000| Complete 
| 994|0x00000000fe200000, 0x00000000fe300000, 0x00000000fe300000|100%| E|CS|TAMS 0x00000000fe200000, 0x00000000fe200000| Complete 
| 995|0x00000000fe300000, 0x00000000fe400000, 0x00000000fe400000|100%|HS|  |TAMS 0x00000000fe300000, 0x00000000fe400000| Complete 
| 996|0x00000000fe400000, 0x00000000fe500000, 0x00000000fe500000|100%|HC|  |TAMS 0x00000000fe400000, 0x00000000fe500000| Complete 
| 997|0x00000000fe500000, 0x00000000fe600000, 0x00000000fe600000|100%| E|CS|TAMS 0x00000000fe500000, 0x00000000fe500000| Complete 
| 998|0x00000000fe600000, 0x00000000fe700000, 0x00000000fe700000|100%| E|CS|TAMS 0x00000000fe600000, 0x00000000fe600000| Complete 
| 999|0x00000000fe700000, 0x00000000fe800000, 0x00000000fe800000|100%| E|CS|TAMS 0x00000000fe700000, 0x00000000fe700000| Complete 
|1000|0x00000000fe800000, 0x00000000fe900000, 0x00000000fe900000|100%| E|CS|TAMS 0x00000000fe800000, 0x00000000fe800000| Complete 
|1001|0x00000000fe900000, 0x00000000fea00000, 0x00000000fea00000|100%| E|CS|TAMS 0x00000000fe900000, 0x00000000fe900000| Complete 
|1002|0x00000000fea00000, 0x00000000feb00000, 0x00000000feb00000|100%| E|CS|TAMS 0x00000000fea00000, 0x00000000fea00000| Complete 
|1003|0x00000000feb00000, 0x00000000fec00000, 0x00000000fec00000|100%| E|CS|TAMS 0x00000000feb00000, 0x00000000feb00000| Complete 
|1004|0x00000000fec00000, 0x00000000fed00000, 0x00000000fed00000|100%| E|CS|TAMS 0x00000000fec00000, 0x00000000fec00000| Complete 
|1005|0x00000000fed00000, 0x00000000fee00000, 0x00000000fee00000|100%| E|CS|TAMS 0x00000000fed00000, 0x00000000fed00000| Complete 
|1006|0x00000000fee00000, 0x00000000fef00000, 0x00000000fef00000|100%| E|CS|TAMS 0x00000000fee00000, 0x00000000fee00000| Complete 
|1007|0x00000000fef00000, 0x00000000ff000000, 0x00000000ff000000|100%| E|CS|TAMS 0x00000000fef00000, 0x00000000fef00000| Complete 
|1008|0x00000000ff000000, 0x00000000ff100000, 0x00000000ff100000|100%| E|CS|TAMS 0x00000000ff000000, 0x00000000ff000000| Complete 
|1009|0x00000000ff100000, 0x00000000ff200000, 0x00000000ff200000|100%| E|CS|TAMS 0x00000000ff100000, 0x00000000ff100000| Complete 
|1010|0x00000000ff200000, 0x00000000ff300000, 0x00000000ff300000|100%| E|CS|TAMS 0x00000000ff200000, 0x00000000ff200000| Complete 
|1011|0x00000000ff300000, 0x00000000ff400000, 0x00000000ff400000|100%| E|CS|TAMS 0x00000000ff300000, 0x00000000ff300000| Complete 
|1012|0x00000000ff400000, 0x00000000ff500000, 0x00000000ff500000|100%| E|CS|TAMS 0x00000000ff400000, 0x00000000ff400000| Complete 
|1013|0x00000000ff500000, 0x00000000ff600000, 0x00000000ff600000|100%| E|CS|TAMS 0x00000000ff500000, 0x00000000ff500000| Complete 
|1014|0x00000000ff600000, 0x00000000ff700000, 0x00000000ff700000|100%| E|CS|TAMS 0x00000000ff600000, 0x00000000ff600000| Complete 
|1015|0x00000000ff700000, 0x00000000ff800000, 0x00000000ff800000|100%| E|CS|TAMS 0x00000000ff700000, 0x00000000ff700000| Complete 
|1016|0x00000000ff800000, 0x00000000ff900000, 0x00000000ff900000|100%| E|CS|TAMS 0x00000000ff800000, 0x00000000ff800000| Complete 
|1017|0x00000000ff900000, 0x00000000ffa00000, 0x00000000ffa00000|100%| E|CS|TAMS 0x00000000ff900000, 0x00000000ff900000| Complete 
|1018|0x00000000ffa00000, 0x00000000ffb00000, 0x00000000ffb00000|100%| E|CS|TAMS 0x00000000ffa00000, 0x00000000ffa00000| Complete 
|1019|0x00000000ffb00000, 0x00000000ffb8bb30, 0x00000000ffc00000| 54%| S|CS|TAMS 0x00000000ffb00000, 0x00000000ffb00000| Complete 
|1020|0x00000000ffc00000, 0x00000000ffd00000, 0x00000000ffd00000|100%| S|CS|TAMS 0x00000000ffc00000, 0x00000000ffc00000| Complete 
|1021|0x00000000ffd00000, 0x00000000ffe00000, 0x00000000ffe00000|100%| S|CS|TAMS 0x00000000ffd00000, 0x00000000ffd00000| Complete 
|1022|0x00000000ffe00000, 0x00000000fff00000, 0x00000000fff00000|100%| E|CS|TAMS 0x00000000ffe00000, 0x00000000ffe00000| Complete 
|1023|0x00000000fff00000, 0x0000000100000000, 0x0000000100000000|100%| E|  |TAMS 0x00000000fff00000, 0x00000000fff00000| Complete 

Card table byte_map: [0x000002507d500000,0x000002507d700000] _byte_map_base: 0x000002507cf00000

Marking Bits (Prev, Next): (CMBitMap*) 0x0000025075494710, (CMBitMap*) 0x0000025075494750
 Prev Bits: [0x000002507d900000, 0x000002507e900000)
 Next Bits: [0x000002507e900000, 0x000002507f900000)

Polling page: 0x00000250732a0000

Metaspace:

Usage:
  Non-class:    125.54 MB used.
      Class:     19.15 MB used.
       Both:    144.68 MB used.

Virtual space:
  Non-class space:      128.00 MB reserved,     126.88 MB (>99%) committed,  2 nodes.
      Class space:        1.00 GB reserved,      20.12 MB (  2%) committed,  1 nodes.
             Both:        1.12 GB reserved,     147.00 MB ( 13%) committed. 

Chunk freelists:
   Non-Class:  1.16 MB
       Class:  12.08 MB
        Both:  13.24 MB

MaxMetaspaceSize: unlimited
CompressedClassSpaceSize: 1.00 GB
Initial GC threshold: 21.00 MB
Current GC threshold: 244.81 MB
CDS: on
MetaspaceReclaimPolicy: balanced
 - commit_granule_bytes: 65536.
 - commit_granule_words: 8192.
 - virtual_space_node_default_size: 8388608.
 - enlarge_chunks_in_place: 1.
 - new_chunks_are_fully_committed: 0.
 - uncommit_free_chunks: 1.
 - use_allocation_guard: 0.
 - handle_deallocations: 1.


Internal statistics:

num_allocs_failed_limit: 9.
num_arena_births: 6072.
num_arena_deaths: 3054.
num_vsnodes_births: 3.
num_vsnodes_deaths: 0.
num_space_committed: 2345.
num_space_uncommitted: 0.
num_chunks_returned_to_freelist: 4318.
num_chunks_taken_from_freelist: 13835.
num_chunk_merges: 1828.
num_chunk_splits: 8306.
num_chunks_enlarged: 4613.
num_inconsistent_stats: 0.

CodeHeap 'non-profiled nmethods': size=120000Kb used=15099Kb max_used=15740Kb free=104900Kb
 bounds [0x0000025007ad0000, 0x0000025008a30000, 0x000002500f000000]
CodeHeap 'profiled nmethods': size=120000Kb used=32960Kb max_used=34577Kb free=87039Kb
 bounds [0x0000025000000000, 0x00000250021d0000, 0x0000025007530000]
CodeHeap 'non-nmethods': size=5760Kb used=1749Kb max_used=1787Kb free=4010Kb
 bounds [0x0000025007530000, 0x00000250077a0000, 0x0000025007ad0000]
 total_blobs=19097 nmethods=17938 adapters=1067
 compilation: enabled
              stopped_count=0, restarted_count=0
 full_count=0

Compilation events (20 events):
Event: 106.472 Thread 0x000002507faea7d0 nmethod 22406 0x0000025000e24190 code [0x0000025000e24420, 0x0000025000e25448]
Event: 106.479 Thread 0x000002507fae6f30 nmethod 22401 0x0000025008570a10 code [0x0000025008570bc0, 0x00000250085713f8]
Event: 106.480 Thread 0x000002507faea7d0 22407   !   3       jdk.internal.reflect.GeneratedSerializationConstructorAccessor123::newInstance (49 bytes)
Event: 106.480 Thread 0x000002507faea7d0 nmethod 22407 0x0000025000971e90 code [0x0000025000972060, 0x0000025000972468]
Event: 106.480 Thread 0x000002507faea7d0 22408   !   3       java.io.ObjectInputStream::readSerialData (549 bytes)
Event: 106.481 Thread 0x000002507fae6f30 22409       4       org.apache.spark.storage.BroadcastBlockId::hashCode (40 bytes)
Event: 106.486 Thread 0x000002507faea7d0 nmethod 22408 0x000002500176d490 code [0x000002500176d9e0, 0x0000025001770b58]
Event: 106.486 Thread 0x000002507faea7d0 22410       3       java.nio.Buffer::clear (20 bytes)
Event: 106.486 Thread 0x000002507faea7d0 nmethod 22410 0x0000025000333990 code [0x0000025000333b20, 0x0000025000333c38]
Event: 106.488 Thread 0x000002507fae6f30 nmethod 22409 0x0000025008366a10 code [0x0000025008366ba0, 0x0000025008366f28]
Event: 106.488 Thread 0x000002507fae6f30 22411       4       org.apache.spark.internal.SparkLogger::isDebugEnabled (10 bytes)
Event: 106.489 Thread 0x000002507fae6f30 nmethod 22411 0x0000025008104e90 code [0x0000025008105020, 0x0000025008105178]
Event: 106.495 Thread 0x000002507fae6f30 22417       4       org.apache.spark.network.util.JavaUtils::readFully (57 bytes)
Event: 106.495 Thread 0x000002507faea7d0 22418       1       org.apache.spark.scheduler.TaskSchedulerImpl::backend (5 bytes)
Event: 106.495 Thread 0x000002507faea7d0 nmethod 22418 0x0000025007c23c90 code [0x0000025007c23e20, 0x0000025007c23ef8]
Event: 106.496 Thread 0x000002507faea7d0 22419       3       java.nio.channels.spi.AbstractSelector::isOpen (13 bytes)
Event: 106.497 Thread 0x000002507faea7d0 nmethod 22419 0x00000250003e3c90 code [0x00000250003e3e20, 0x00000250003e3f98]
Event: 106.497 Thread 0x000002507faea7d0 22421   !   3       org.apache.spark.sql.execution.datasources.FileScanRDD$$anon$1::hasNext (30 bytes)
Event: 106.500 Thread 0x000002507faea7d0 nmethod 22421 0x0000025000108e90 code [0x00000250001090e0, 0x0000025000109ab8]
Event: 106.500 Thread 0x000002507faea7d0 22423       3       java.util.concurrent.TimeUnit::toNanos (45 bytes)

GC Heap History (20 events):
Event: 106.384 GC heap before
{Heap before GC invocations=1270 (full 0):
 garbage-first heap   total 1048576K, used 1007382K [0x00000000c0000000, 0x0000000100000000)
  region size 1024K, 31 young (31744K), 3 survivors (3072K)
 Metaspace       used 148375K, committed 150528K, reserved 1179648K
  class space    used 19663K, committed 20608K, reserved 1048576K
}
Event: 106.385 GC heap after
{Heap after GC invocations=1271 (full 0):
 garbage-first heap   total 1048576K, used 981026K [0x00000000c0000000, 0x0000000100000000)
  region size 1024K, 3 young (3072K), 3 survivors (3072K)
 Metaspace       used 148375K, committed 150528K, reserved 1179648K
  class space    used 19663K, committed 20608K, reserved 1048576K
}
Event: 106.391 GC heap before
{Heap before GC invocations=1271 (full 0):
 garbage-first heap   total 1048576K, used 1008674K [0x00000000c0000000, 0x0000000100000000)
  region size 1024K, 13 young (13312K), 3 survivors (3072K)
 Metaspace       used 148375K, committed 150528K, reserved 1179648K
  class space    used 19663K, committed 20608K, reserved 1048576K
}
Event: 106.393 GC heap after
{Heap after GC invocations=1272 (full 0):
 garbage-first heap   total 1048576K, used 998605K [0x00000000c0000000, 0x0000000100000000)
  region size 1024K, 3 young (3072K), 3 survivors (3072K)
 Metaspace       used 148375K, committed 150528K, reserved 1179648K
  class space    used 19663K, committed 20608K, reserved 1048576K
}
Event: 106.396 GC heap before
{Heap before GC invocations=1272 (full 0):
 garbage-first heap   total 1048576K, used 1008845K [0x00000000c0000000, 0x0000000100000000)
  region size 1024K, 8 young (8192K), 3 survivors (3072K)
 Metaspace       used 148375K, committed 150528K, reserved 1179648K
  class space    used 19663K, committed 20608K, reserved 1048576K
}
Event: 106.397 GC heap after
{Heap after GC invocations=1273 (full 0):
 garbage-first heap   total 1048576K, used 1004783K [0x00000000c0000000, 0x0000000100000000)
  region size 1024K, 4 young (4096K), 4 survivors (4096K)
 Metaspace       used 148375K, committed 150528K, reserved 1179648K
  class space    used 19663K, committed 20608K, reserved 1048576K
}
Event: 106.399 GC heap before
{Heap before GC invocations=1273 (full 0):
 garbage-first heap   total 1048576K, used 1010927K [0x00000000c0000000, 0x0000000100000000)
  region size 1024K, 8 young (8192K), 4 survivors (4096K)
 Metaspace       used 148375K, committed 150528K, reserved 1179648K
  class space    used 19663K, committed 20608K, reserved 1048576K
}
Event: 106.400 GC heap after
{Heap after GC invocations=1274 (full 0):
 garbage-first heap   total 1048576K, used 1007904K [0x00000000c0000000, 0x0000000100000000)
  region size 1024K, 4 young (4096K), 4 survivors (4096K)
 Metaspace       used 148375K, committed 150528K, reserved 1179648K
  class space    used 19663K, committed 20608K, reserved 1048576K
}
Event: 106.401 GC heap before
{Heap before GC invocations=1274 (full 0):
 garbage-first heap   total 1048576K, used 1007904K [0x00000000c0000000, 0x0000000100000000)
  region size 1024K, 5 young (5120K), 4 survivors (4096K)
 Metaspace       used 148375K, committed 150528K, reserved 1179648K
  class space    used 19663K, committed 20608K, reserved 1048576K
}
Event: 106.402 GC heap after
{Heap after GC invocations=1275 (full 0):
 garbage-first heap   total 1048576K, used 1007913K [0x00000000c0000000, 0x0000000100000000)
  region size 1024K, 4 young (4096K), 4 survivors (4096K)
 Metaspace       used 148375K, committed 150528K, reserved 1179648K
  class space    used 19663K, committed 20608K, reserved 1048576K
}
Event: 106.402 GC heap before
{Heap before GC invocations=1275 (full 0):
 garbage-first heap   total 1048576K, used 1007913K [0x00000000c0000000, 0x0000000100000000)
  region size 1024K, 5 young (5120K), 4 survivors (4096K)
 Metaspace       used 148375K, committed 150528K, reserved 1179648K
  class space    used 19663K, committed 20608K, reserved 1048576K
}
Event: 106.403 GC heap after
{Heap after GC invocations=1276 (full 0):
 garbage-first heap   total 1048576K, used 1007912K [0x00000000c0000000, 0x0000000100000000)
  region size 1024K, 4 young (4096K), 4 survivors (4096K)
 Metaspace       used 148375K, committed 150528K, reserved 1179648K
  class space    used 19663K, committed 20608K, reserved 1048576K
}
Event: 106.404 GC heap before
{Heap before GC invocations=1276 (full 0):
 garbage-first heap   total 1048576K, used 1007912K [0x00000000c0000000, 0x0000000100000000)
  region size 1024K, 5 young (5120K), 4 survivors (4096K)
 Metaspace       used 148375K, committed 150528K, reserved 1179648K
  class space    used 19663K, committed 20608K, reserved 1048576K
}
Event: 106.405 GC heap after
{Heap after GC invocations=1277 (full 0):
 garbage-first heap   total 1048576K, used 1007887K [0x00000000c0000000, 0x0000000100000000)
  region size 1024K, 4 young (4096K), 4 survivors (4096K)
 Metaspace       used 148375K, committed 150528K, reserved 1179648K
  class space    used 19663K, committed 20608K, reserved 1048576K
}
Event: 106.456 GC heap before
{Heap before GC invocations=1278 (full 0):
 garbage-first heap   total 1048576K, used 1040655K [0x00000000c0000000, 0x0000000100000000)
  region size 1024K, 47 young (48128K), 4 survivors (4096K)
 Metaspace       used 147811K, committed 150528K, reserved 1179648K
  class space    used 19536K, committed 20608K, reserved 1048576K
}
Event: 106.458 GC heap after
{Heap after GC invocations=1279 (full 0):
 garbage-first heap   total 1048576K, used 897441K [0x00000000c0000000, 0x0000000100000000)
  region size 1024K, 4 young (4096K), 4 survivors (4096K)
 Metaspace       used 147811K, committed 150528K, reserved 1179648K
  class space    used 19536K, committed 20608K, reserved 1048576K
}
Event: 106.475 GC heap before
{Heap before GC invocations=1279 (full 0):
 garbage-first heap   total 1048576K, used 955809K [0x00000000c0000000, 0x0000000100000000)
  region size 1024K, 51 young (52224K), 4 survivors (4096K)
 Metaspace       used 147939K, committed 150528K, reserved 1179648K
  class space    used 19555K, committed 20608K, reserved 1048576K
}
Event: 106.476 GC heap after
{Heap after GC invocations=1280 (full 0):
 garbage-first heap   total 1048576K, used 907018K [0x00000000c0000000, 0x0000000100000000)
  region size 1024K, 3 young (3072K), 3 survivors (3072K)
 Metaspace       used 147939K, committed 150528K, reserved 1179648K
  class space    used 19555K, committed 20608K, reserved 1048576K
}
Event: 106.477 GC heap before
{Heap before GC invocations=1280 (full 0):
 garbage-first heap   total 1048576K, used 907018K [0x00000000c0000000, 0x0000000100000000)
  region size 1024K, 5 young (5120K), 3 survivors (3072K)
 Metaspace       used 147945K, committed 150528K, reserved 1179648K
  class space    used 19557K, committed 20608K, reserved 1048576K
}
Event: 106.479 GC heap after
{Heap after GC invocations=1281 (full 0):
 garbage-first heap   total 1048576K, used 907089K [0x00000000c0000000, 0x0000000100000000)
  region size 1024K, 3 young (3072K), 3 survivors (3072K)
 Metaspace       used 147945K, committed 150528K, reserved 1179648K
  class space    used 19557K, committed 20608K, reserved 1048576K
}

Deoptimization events (20 events):
Event: 106.491 Thread 0x0000025059bd5cb0 Uncommon trap: trap_request=0xffffff45 fr.pc=0x0000025008125d5c relative=0x000000000000005c
Event: 106.491 Thread 0x0000025059bd5cb0 Uncommon trap: reason=unstable_if action=reinterpret pc=0x0000025008125d5c method=java.nio.channels.spi.AbstractInterruptibleChannel.isOpen()Z @ 4 c2
Event: 106.492 Thread 0x0000025059bd5cb0 DEOPT PACKING pc=0x0000025008125d5c sp=0x000000d4fb4ff1b0
Event: 106.492 Thread 0x0000025059bd5cb0 DEOPT UNPACKING pc=0x00000250075823a3 sp=0x000000d4fb4ff140 mode 2
Event: 106.496 Thread 0x000002505bd8cdf0 Uncommon trap: trap_request=0xfffffff4 fr.pc=0x0000025007f3f13c relative=0x000000000000089c
Event: 106.496 Thread 0x000002505bd8cdf0 Uncommon trap: reason=null_check action=make_not_entrant pc=0x0000025007f3f13c method=org.apache.hadoop.fs.FileSystem$Statistics.getThreadStatistics()Lorg/apache/hadoop/fs/FileSystem$Statistics$StatisticsData; @ 7 c2
Event: 106.496 Thread 0x000002505bd8cdf0 DEOPT PACKING pc=0x0000025007f3f13c sp=0x000000d48c6fe450
Event: 106.496 Thread 0x000002505bd8cdf0 DEOPT UNPACKING pc=0x00000250075823a3 sp=0x000000d48c6fe160 mode 2
Event: 106.496 Thread 0x000002505a741100 Uncommon trap: trap_request=0xffffff45 fr.pc=0x0000025007f5d0d0 relative=0x0000000000000110
Event: 106.496 Thread 0x000002505a741100 Uncommon trap: reason=unstable_if action=reinterpret pc=0x0000025007f5d0d0 method=org.apache.spark.TaskContextImpl.killTaskIfInterrupted()V @ 9 c2
Event: 106.497 Thread 0x000002505a741b20 Uncommon trap: trap_request=0xffffff45 fr.pc=0x0000025007f43ca0 relative=0x0000000000000080
Event: 106.497 Thread 0x000002505a741100 DEOPT PACKING pc=0x0000025007f5d0d0 sp=0x000000d4fcafe440
Event: 106.497 Thread 0x000002505a741100 DEOPT UNPACKING pc=0x00000250075823a3 sp=0x000000d4fcafe368 mode 2
Event: 106.497 Thread 0x000002505a741b20 Uncommon trap: reason=unstable_if action=reinterpret pc=0x0000025007f43ca0 method=org.apache.spark.TaskContextImpl.killTaskIfInterrupted()V @ 9 c2
Event: 106.497 Thread 0x000002505a741b20 DEOPT PACKING pc=0x0000025007f43ca0 sp=0x000000d4fcdfe540
Event: 106.497 Thread 0x000002505a741b20 DEOPT UNPACKING pc=0x00000250075823a3 sp=0x000000d4fcdfe4d8 mode 2
Event: 106.498 Thread 0x000002505a743980 Uncommon trap: trap_request=0xffffffc6 fr.pc=0x0000025008036514 relative=0x0000000000000894
Event: 106.499 Thread 0x000002505a743980 Uncommon trap: reason=bimorphic_or_optimized_type_check action=maybe_recompile pc=0x0000025008036514 method=org.sparkproject.guava.io.Closeables.close(Ljava/io/Closeable;Z)V @ 6 c2
Event: 106.499 Thread 0x000002505a743980 DEOPT PACKING pc=0x0000025008036514 sp=0x000000d4fcefe580
Event: 106.499 Thread 0x000002505a743980 DEOPT UNPACKING pc=0x00000250075823a3 sp=0x000000d4fcefe5a8 mode 2

Classes unloaded (20 events):
Event: 106.411 Thread 0x000002507fab1760 Unloading class 0x0000025013e41000 'java/lang/invoke/LambdaForm$MH+0x0000025013e41000'
Event: 106.411 Thread 0x000002507fab1760 Unloading class 0x0000025013e40c00 'java/lang/invoke/LambdaForm$MH+0x0000025013e40c00'
Event: 106.411 Thread 0x000002507fab1760 Unloading class 0x0000025013e40800 'java/lang/invoke/LambdaForm$MH+0x0000025013e40800'
Event: 106.411 Thread 0x000002507fab1760 Unloading class 0x0000025013e40400 'java/lang/invoke/LambdaForm$MH+0x0000025013e40400'
Event: 106.411 Thread 0x000002507fab1760 Unloading class 0x0000025013592c00 'java/lang/invoke/LambdaForm$MH+0x0000025013592c00'
Event: 106.411 Thread 0x000002507fab1760 Unloading class 0x0000025013592800 'java/lang/invoke/LambdaForm$MH+0x0000025013592800'
Event: 106.411 Thread 0x000002507fab1760 Unloading class 0x0000025013592400 'java/lang/invoke/LambdaForm$MH+0x0000025013592400'
Event: 106.411 Thread 0x000002507fab1760 Unloading class 0x0000025013592000 'java/lang/invoke/LambdaForm$MH+0x0000025013592000'
Event: 106.411 Thread 0x000002507fab1760 Unloading class 0x0000025013591c00 'java/lang/invoke/LambdaForm$MH+0x0000025013591c00'
Event: 106.411 Thread 0x000002507fab1760 Unloading class 0x0000025013591800 'java/lang/invoke/LambdaForm$MH+0x0000025013591800'
Event: 106.411 Thread 0x000002507fab1760 Unloading class 0x0000025013591400 'java/lang/invoke/LambdaForm$MH+0x0000025013591400'
Event: 106.411 Thread 0x000002507fab1760 Unloading class 0x0000025013591000 'java/lang/invoke/LambdaForm$MH+0x0000025013591000'
Event: 106.411 Thread 0x000002507fab1760 Unloading class 0x0000025013590c00 'java/lang/invoke/LambdaForm$MH+0x0000025013590c00'
Event: 106.411 Thread 0x000002507fab1760 Unloading class 0x0000025013590800 'java/lang/invoke/LambdaForm$MH+0x0000025013590800'
Event: 106.411 Thread 0x000002507fab1760 Unloading class 0x0000025013590400 'java/lang/invoke/LambdaForm$MH+0x0000025013590400'
Event: 106.411 Thread 0x000002507fab1760 Unloading class 0x0000025013318000 'java/lang/invoke/LambdaForm$MH+0x0000025013318000'
Event: 106.411 Thread 0x000002507fab1760 Unloading class 0x0000025013313c00 'java/lang/invoke/LambdaForm$MH+0x0000025013313c00'
Event: 106.411 Thread 0x000002507fab1760 Unloading class 0x0000025013313800 'java/lang/invoke/LambdaForm$MH+0x0000025013313800'
Event: 106.411 Thread 0x000002507fab1760 Unloading class 0x0000025013313400 'java/lang/invoke/LambdaForm$MH+0x0000025013313400'
Event: 106.411 Thread 0x000002507fab1760 Unloading class 0x0000025013313000 'java/lang/invoke/LambdaForm$MH+0x0000025013313000'

Classes redefined (0 events):
No events

Internal exceptions (20 events):
Event: 101.553 Thread 0x000002505a742f60 Exception <a 'java/lang/NoSuchMethodError'{0x00000000f1fc63a0}: 'java.lang.Object java.lang.invoke.Invokers$Holder.linkToTargetMethod(java.lang.Object, int, java.lang.Object, java.lang.Object, java.lang.Object, java.lang.Object, java.lang.Object, java.lang.Object)'> (0x00000000f1fc63a0) 
thrown [s\open\src\hotspot\share\interpreter\linkResolver.cpp, line 759]
Event: 101.553 Thread 0x000002505a73cf30 Exception <a 'java/lang/NoSuchMethodError'{0x00000000f1efb050}: 'java.lang.Object java.lang.invoke.Invokers$Holder.linkToTargetMethod(java.lang.Object, int, java.lang.Object, java.lang.Object, java.lang.Object, java.lang.Object, java.lang.Object, java.lang.Object)'> (0x00000000f1efb050) 
thrown [s\open\src\hotspot\share\interpreter\linkResolver.cpp, line 759]
Event: 105.206 Thread 0x000002505a742a50 Exception <a 'java/lang/NoSuchMethodError'{0x00000000f401a3f0}: 'java.lang.Object java.lang.invoke.DirectMethodHandle$Holder.invokeSpecial(java.lang.Object, java.lang.Object, long, java.lang.Object, java.lang.Object, java.lang.Object, java.lang.Object, int, java.lang.Object, java.lang.Object)'> (0x00000000f401a3f0) 
thrown [s\open\src\hotspot\share\interpreter\linkResolver.cpp, line 759]
Event: 105.206 Thread 0x000002505a742a50 Exception <a 'java/lang/NoSuchMethodError'{0x00000000f401ef80}: 'java.lang.Object java.lang.invoke.DelegatingMethodHandle$Holder.reinvoke_L(java.lang.Object, long, java.lang.Object, java.lang.Object, java.lang.Object, java.lang.Object, int, java.lang.Object, java.lang.Object)'> (0x00000000f401ef80) 
thrown [s\open\src\hotspot\share\interpreter\linkResolver.cpp, line 759]
Event: 105.267 Thread 0x000002505a742a50 Exception <a 'java/lang/NoSuchMethodError'{0x00000000fa2954f8}: 'long java.lang.invoke.DirectMethodHandle$Holder.invokeStatic(java.lang.Object, int)'> (0x00000000fa2954f8) 
thrown [s\open\src\hotspot\share\interpreter\linkResolver.cpp, line 759]
Event: 105.268 Thread 0x000002505a742a50 Exception <a 'java/lang/NoSuchMethodError'{0x00000000fa298b80}: 'long java.lang.invoke.DirectMethodHandle$Holder.invokeStaticInit(java.lang.Object, int)'> (0x00000000fa298b80) 
thrown [s\open\src\hotspot\share\interpreter\linkResolver.cpp, line 759]
Event: 105.350 Thread 0x000002505a742a50 Exception <a 'java/lang/NoSuchMethodError'{0x00000000f6907300}: 'java.lang.Object java.lang.invoke.DirectMethodHandle$Holder.invokeVirtual(java.lang.Object, java.lang.Object, java.lang.Object, int)'> (0x00000000f6907300) 
thrown [s\open\src\hotspot\share\interpreter\linkResolver.cpp, line 759]
Event: 105.350 Thread 0x000002505a742a50 Implicit null exception at 0x0000025007f8c5c7 to 0x0000025007f8d8c8
Event: 105.351 Thread 0x000002505a742a50 Implicit null exception at 0x0000025007b9640a to 0x0000025007b9652c
Event: 105.352 Thread 0x000002505a742a50 Exception <a 'java/lang/NoSuchMethodError'{0x00000000f691bfb0}: 'java.lang.Object java.lang.invoke.DirectMethodHandle$Holder.invokeVirtual(java.lang.Object, java.lang.Object, java.lang.Object, long)'> (0x00000000f691bfb0) 
thrown [s\open\src\hotspot\share\interpreter\linkResolver.cpp, line 759]
Event: 105.352 Thread 0x000002505a742a50 Exception <a 'java/lang/NoSuchMethodError'{0x00000000f5b7ce00}: 'java.lang.Object java.lang.invoke.DirectMethodHandle$Holder.invokeVirtual(java.lang.Object, java.lang.Object, java.lang.Object, double)'> (0x00000000f5b7ce00) 
thrown [s\open\src\hotspot\share\interpreter\linkResolver.cpp, line 759]
Event: 105.365 Thread 0x000002505a742a50 Implicit null exception at 0x00000250084a4e1c to 0x00000250084a55d4
Event: 105.385 Thread 0x000002505a742a50 Implicit null exception at 0x000002500856d282 to 0x000002500856d6c8
Event: 106.404 Thread 0x000002505a743e90 Exception <a 'java/lang/OutOfMemoryError'{0x00000000c17ac470}> (0x00000000c17ac470) 
thrown [s\open\src\hotspot\share\gc\shared\memAllocator.cpp, line 136]
Event: 106.467 Thread 0x000002505a743e90 Exception <a 'java/lang/NoSuchMethodError'{0x00000000fe9cc7e8}: static Lorg/apache/spark/ExceptionFailure;.<clinit>()V> (0x00000000fe9cc7e8) 
thrown [s\open\src\hotspot\share\prims\jni.cpp, line 1112]
Event: 106.467 Thread 0x000002505a743e90 Exception <a 'java/lang/NoSuchMethodError'{0x00000000fe2e5398}: static Lorg/apache/spark/scheduler/AccumulableInfo;.<clinit>()V> (0x00000000fe2e5398) 
thrown [s\open\src\hotspot\share\prims\jni.cpp, line 1112]
Event: 106.468 Thread 0x000002505a743e90 Exception <a 'java/lang/NoSuchMethodError'{0x00000000fe2fc2c8}: static Lorg/apache/spark/ThrowableSerializationWrapper;.<clinit>()V> (0x00000000fe2fc2c8) 
thrown [s\open\src\hotspot\share\prims\jni.cpp, line 1112]
Event: 106.471 Thread 0x0000025059de91c0 Exception <a 'java/lang/NoSuchMethodError'{0x00000000fd38b2e8}: 'java.lang.Object java.lang.invoke.Invokers$Holder.linkToTargetMethod(java.lang.Object, java.lang.Object, java.lang.Object, java.lang.Object, long, java.lang.Object, java.lang.Object)'> (0x00000000fd38b2e8) 
thrown [s\open\src\hotspot\share\interpreter\linkResolver.cpp, line 759]
Event: 106.491 Thread 0x0000025059bd5cb0 Exception <a 'java/io/IOException'{0x00000000fe100070}> (0x00000000fe100070) 
thrown [s\open\src\hotspot\share\prims\jni.cpp, line 516]
Event: 106.493 Thread 0x0000025059bd3940 Exception <a 'java/lang/NoSuchMethodError'{0x00000000fdebf618}: 'java.lang.Object java.lang.invoke.DirectMethodHandle$Holder.newInvokeSpecial(java.lang.Object, java.lang.Object, long, int, java.lang.Object)'> (0x00000000fdebf618) 
thrown [s\open\src\hotspot\share\interpreter\linkResolver.cpp, line 759]

VM Operations (20 events):
Event: 106.404 Executing VM operation: G1CollectForAllocation
Event: 106.404 Executing VM operation: G1CollectForAllocation done
Event: 106.404 Executing VM operation: G1CollectForAllocation
Event: 106.405 Executing VM operation: G1CollectForAllocation done
Event: 106.410 Executing VM operation: G1Concurrent
Event: 106.425 Executing VM operation: G1Concurrent done
Event: 106.426 Executing VM operation: HandshakeAllThreads
Event: 106.427 Executing VM operation: HandshakeAllThreads done
Event: 106.441 Executing VM operation: G1Concurrent
Event: 106.442 Executing VM operation: G1Concurrent done
Event: 106.456 Executing VM operation: G1CollectForAllocation
Event: 106.458 Executing VM operation: G1CollectForAllocation done
Event: 106.463 Executing VM operation: HandshakeAllThreads
Event: 106.464 Executing VM operation: HandshakeAllThreads done
Event: 106.474 Executing VM operation: G1CollectForAllocation
Event: 106.476 Executing VM operation: G1CollectForAllocation done
Event: 106.477 Executing VM operation: G1TryInitiateConcMark
Event: 106.477 Executing VM operation: G1TryInitiateConcMark done
Event: 106.477 Executing VM operation: G1TryInitiateConcMark
Event: 106.479 Executing VM operation: G1TryInitiateConcMark done

Events (20 events):
Event: 106.453 Thread 0x000002507faf7460 flushing nmethod 0x000002500219bb90
Event: 106.453 Thread 0x000002507faf7460 flushing nmethod 0x000002500219c110
Event: 106.453 Thread 0x000002507faf7460 flushing nmethod 0x000002500219c510
Event: 106.453 Thread 0x000002507faf7460 flushing nmethod 0x000002500219d510
Event: 106.453 Thread 0x000002507faf7460 flushing nmethod 0x000002500219db10
Event: 106.453 Thread 0x000002507faf7460 flushing nmethod 0x000002500219ec90
Event: 106.453 Thread 0x000002507faf7460 flushing nmethod 0x00000250021a0510
Event: 106.453 Thread 0x000002507faf7460 flushing nmethod 0x00000250021a1d10
Event: 106.471 Thread 0x000002505c3ffdb0 Thread added: 0x000002505c3ffdb0
Event: 106.471 Thread 0x000002505c3ff8a0 Thread added: 0x000002505c3ff8a0
Event: 106.471 Thread 0x000002505c3ffdb0 Thread exited: 0x000002505c3ffdb0
Event: 106.473 Thread 0x000002505bd8cdf0 Thread added: 0x000002505bd8cdf0
Event: 106.474 Thread 0x000002505bd8d300 Thread added: 0x000002505bd8d300
Event: 106.484 Thread 0x00000250615b32a0 Thread added: 0x00000250615b32a0
Event: 106.484 Thread 0x0000025059bd4360 Thread exited: 0x0000025059bd4360
Event: 106.485 Thread 0x0000025059bd7b10 Thread exited: 0x0000025059bd7b10
Event: 106.488 Thread 0x000002505b746a60 Thread added: 0x000002505b746a60
Event: 106.491 Thread 0x00000250615b37b0 Thread added: 0x00000250615b37b0
Event: 106.494 Thread 0x00000250615b6a50 Thread added: 0x00000250615b6a50
Event: 106.498 Thread 0x00000250615b7470 Thread added: 0x00000250615b7470


Dynamic libraries:
0x00007ff709330000 - 0x00007ff709340000 	C:\Program Files\Java\jdk-17\bin\java.exe
0x00007ffb48c20000 - 0x00007ffb48e86000 	C:\WINDOWS\SYSTEM32\ntdll.dll
0x00007ffb47780000 - 0x00007ffb47849000 	C:\WINDOWS\System32\KERNEL32.DLL
0x00007ffb45f20000 - 0x00007ffb4631f000 	C:\WINDOWS\System32\KERNELBASE.dll
0x00007ffb46520000 - 0x00007ffb4666c000 	C:\WINDOWS\System32\ucrtbase.dll
0x00007ffb177a0000 - 0x00007ffb177b9000 	C:\Program Files\Java\jdk-17\bin\jli.dll
0x00007ffb48540000 - 0x00007ffb485fc000 	C:\WINDOWS\System32\ADVAPI32.dll
0x00007ffb48080000 - 0x00007ffb48129000 	C:\WINDOWS\System32\msvcrt.dll
0x00007ffb46c90000 - 0x00007ffb46d3a000 	C:\WINDOWS\System32\sechost.dll
0x00007ffb469a0000 - 0x00007ffb46ab8000 	C:\WINDOWS\System32\RPCRT4.dll
0x00007ffb46ac0000 - 0x00007ffb46c86000 	C:\WINDOWS\System32\USER32.dll
0x00007ffb45e30000 - 0x00007ffb45e57000 	C:\WINDOWS\System32\win32u.dll
0x00007ffb46950000 - 0x00007ffb4697b000 	C:\WINDOWS\System32\GDI32.dll
0x00007ffb46330000 - 0x00007ffb46459000 	C:\WINDOWS\System32\gdi32full.dll
0x00007ffb46680000 - 0x00007ffb46723000 	C:\WINDOWS\System32\msvcp_win.dll
0x00007ffb14b90000 - 0x00007ffb14bab000 	C:\Program Files\Java\jdk-17\bin\VCRUNTIME140.dll
0x00007ffb1b560000 - 0x00007ffb1b7f1000 	C:\WINDOWS\WinSxS\amd64_microsoft.windows.common-controls_6595b64144ccf1df_6.0.26100.8972_none_3e0da176e32f9d4b\COMCTL32.dll
0x00007ffb37960000 - 0x00007ffb3796b000 	C:\WINDOWS\SYSTEM32\VERSION.dll
0x00007ffb46d40000 - 0x00007ffb46d72000 	C:\WINDOWS\System32\IMM32.DLL
0x00007fface530000 - 0x00007ffaceba2000 	C:\Program Files\McAfee\DLP\Agent\fcagpph64.dll
0x00007ffb478d0000 - 0x00007ffb48058000 	C:\WINDOWS\System32\SHELL32.dll
0x00007ffb475e0000 - 0x00007ffb47779000 	C:\WINDOWS\System32\ole32.dll
0x00007ffb46e60000 - 0x00007ffb471e5000 	C:\WINDOWS\System32\combase.dll
0x00007ffb48410000 - 0x00007ffb48476000 	C:\WINDOWS\System32\SHLWAPI.dll
0x00007ffb48b20000 - 0x00007ffb48ba2000 	C:\WINDOWS\System32\WS2_32.dll
0x00007ffb47290000 - 0x00007ffb47369000 	C:\WINDOWS\System32\OLEAUT32.dll
0x00007ffb41dd0000 - 0x00007ffb41df9000 	C:\WINDOWS\SYSTEM32\WTSAPI32.dll
0x00007ffb46730000 - 0x00007ffb468ae000 	C:\WINDOWS\System32\CRYPT32.dll
0x00007ffb01c20000 - 0x00007ffb01ccf000 	C:\WINDOWS\SYSTEM32\WINSPOOL.DRV
0x00007ffb48130000 - 0x00007ffb48229000 	C:\WINDOWS\System32\shcore.dll
0x00007ffb44d90000 - 0x00007ffb44dd9000 	C:\WINDOWS\SYSTEM32\SspiCli.dll
0x00007ffb45990000 - 0x00007ffb459e2000 	C:\WINDOWS\SYSTEM32\cfgmgr32.dll
0x00007ffb44c10000 - 0x00007ffb44c46000 	C:\WINDOWS\SYSTEM32\ntmarta.dll
0x0000025073280000 - 0x0000025073296000 	C:\WINDOWS\System32\umppc21306.dll
0x00007ffb192d0000 - 0x00007ffb192dc000 	C:\Program Files\Java\jdk-17\bin\vcruntime140_1.dll
0x00007ffb06750000 - 0x00007ffb067de000 	C:\Program Files\Java\jdk-17\bin\msvcp140.dll
0x00007ffa8c7c0000 - 0x00007ffa8d3a0000 	C:\Program Files\Java\jdk-17\bin\server\jvm.dll
0x0000025073250000 - 0x0000025073258000 	C:\WINDOWS\System32\PSAPI.DLL
0x00007ffb12830000 - 0x00007ffb1283a000 	C:\WINDOWS\SYSTEM32\WSOCK32.dll
0x00007ffb3e7e0000 - 0x00007ffb3e816000 	C:\WINDOWS\SYSTEM32\WINMM.dll
0x00007ffb449b0000 - 0x00007ffb449cb000 	C:\WINDOWS\SYSTEM32\kernel.appcore.dll
0x00007ffb14b80000 - 0x00007ffb14b8a000 	C:\Program Files\Java\jdk-17\bin\jimage.dll
0x00007ffb42e60000 - 0x00007ffb430a2000 	C:\WINDOWS\SYSTEM32\DBGHELP.DLL
0x00007ffb10a70000 - 0x00007ffb10aab000 	C:\WINDOWS\SYSTEM32\dbgcore.DLL
0x00007ffb45e60000 - 0x00007ffb45f0c000 	C:\WINDOWS\System32\bcryptPrimitives.dll
0x00007ffb14b50000 - 0x00007ffb14b75000 	C:\Program Files\Java\jdk-17\bin\java.dll
0x00007ffb06670000 - 0x00007ffb06747000 	C:\Program Files\Java\jdk-17\bin\jsvml.dll
0x00007ffb430f0000 - 0x00007ffb4398b000 	C:\WINDOWS\SYSTEM32\windows.storage.dll
0x00007ffb45d50000 - 0x00007ffb45d79000 	C:\WINDOWS\SYSTEM32\profapi.dll
0x00007ffb14590000 - 0x00007ffb145a9000 	C:\Program Files\Java\jdk-17\bin\net.dll
0x00007ffb449d0000 - 0x00007ffb44af8000 	C:\WINDOWS\SYSTEM32\WINHTTP.dll
0x00007ffb45070000 - 0x00007ffb450dc000 	C:\WINDOWS\system32\mswsock.dll
0x00007ffb14570000 - 0x00007ffb14586000 	C:\Program Files\Java\jdk-17\bin\nio.dll
0x00007ffb14460000 - 0x00007ffb14478000 	C:\Program Files\Java\jdk-17\bin\zip.dll
0x00007ffb14900000 - 0x00007ffb1490a000 	C:\Program Files\Java\jdk-17\bin\management.dll
0x00007ffb14450000 - 0x00007ffb1445b000 	C:\Program Files\Java\jdk-17\bin\management_ext.dll
0x00007ffb1b420000 - 0x00007ffb1b438000 	C:\WINDOWS\system32\napinsp.dll
0x00007ffb43bd0000 - 0x00007ffb43d28000 	C:\WINDOWS\SYSTEM32\DNSAPI.dll
0x00007ffb44e20000 - 0x00007ffb44e2d000 	C:\WINDOWS\SYSTEM32\DSPARSE.dll
0x00007ffb43b90000 - 0x00007ffb43bc3000 	C:\WINDOWS\SYSTEM32\IPHLPAPI.DLL
0x00007ffb48060000 - 0x00007ffb4806a000 	C:\WINDOWS\System32\NSI.dll
0x00007ffb1b440000 - 0x00007ffb1b453000 	C:\WINDOWS\System32\winrnr.dll
0x00007ffb1cef0000 - 0x00007ffb1cf12000 	C:\WINDOWS\system32\nlansp_c.dll
0x00007ffb1cfa0000 - 0x00007ffb1cfb6000 	C:\WINDOWS\system32\wshbth.dll
0x00007ffb3dee0000 - 0x00007ffb3deeb000 	C:\Windows\System32\rasadhlp.dll
0x00007ffb3f1f0000 - 0x00007ffb3f276000 	C:\WINDOWS\System32\fwpuclnt.dll
0x00007ffb45490000 - 0x00007ffb454ab000 	C:\WINDOWS\SYSTEM32\CRYPTSP.dll
0x00007ffb44910000 - 0x00007ffb44949000 	C:\WINDOWS\system32\rsaenh.dll
0x00007ffb45120000 - 0x00007ffb45152000 	C:\WINDOWS\SYSTEM32\USERENV.dll
0x00007ffb45d20000 - 0x00007ffb45d4a000 	C:\WINDOWS\SYSTEM32\bcrypt.dll
0x00007ffb45460000 - 0x00007ffb4546c000 	C:\WINDOWS\SYSTEM32\CRYPTBASE.dll
0x00007ffb3ef10000 - 0x00007ffb3ef2d000 	C:\WINDOWS\SYSTEM32\dhcpcsvc6.DLL
0x00007ffb3eec0000 - 0x00007ffb3eee5000 	C:\WINDOWS\SYSTEM32\dhcpcsvc.DLL
0x00007ffab9900000 - 0x00007ffab9917000 	C:\hadoop\hadoop-3.3.6\bin\hadoop.dll
0x00007ffb44080000 - 0x00007ffb440d0000 	C:\WINDOWS\SYSTEM32\AUTHZ.dll
0x00007ffb16aa0000 - 0x00007ffb16aba000 	C:\WINDOWS\SYSTEM32\NETAPI32.dll
0x00007ffb43f50000 - 0x00007ffb43f6b000 	C:\WINDOWS\SYSTEM32\SAMCLI.DLL
0x00007ffb44010000 - 0x00007ffb4401d000 	C:\WINDOWS\SYSTEM32\NETUTILS.DLL
0x00007ffb07de0000 - 0x00007ffb07de9000 	C:\Program Files\Java\jdk-17\bin\jaas.dll
0x00007ffb06220000 - 0x00007ffb0622e000 	C:\Program Files\Java\jdk-17\bin\sunmscapi.dll
0x00007ffb45600000 - 0x00007ffb45630000 	C:\WINDOWS\SYSTEM32\ncrypt.dll
0x00007ffb455b0000 - 0x00007ffb455ef000 	C:\WINDOWS\SYSTEM32\NTASN1.dll
0x00007ffb08720000 - 0x00007ffb08728000 	C:\WINDOWS\system32\wshunix.dll
0x00007ffab3ff0000 - 0x00007ffab4038000 	C:\Users\aniruddh.singh\AppData\Local\Temp\liblz4-java-3989011549653885034.dll
0x00007ffb019a0000 - 0x00007ffb019b0000 	C:\Program Files\Java\jdk-17\bin\verify.dll

dbghelp: loaded successfully - version: 4.0.5 - missing functions: none
symbol engine: initialized successfully - sym options: 0x614 - pdb path: .;C:\Program Files\Java\jdk-17\bin;C:\WINDOWS\SYSTEM32;C:\WINDOWS\WinSxS\amd64_microsoft.windows.common-controls_6595b64144ccf1df_6.0.26100.8972_none_3e0da176e32f9d4b;C:\Program Files\McAfee\DLP\Agent;C:\Program Files\Java\jdk-17\bin\server;C:\hadoop\hadoop-3.3.6\bin;C:\Users\aniruddh.singh\AppData\Local\Temp

VM Arguments:
jvm_args: -Xmx1g -XX:+IgnoreUnrecognizedVMOptions --add-modules=jdk.incubator.vector --add-opens=java.base/java.lang=ALL-UNNAMED --add-opens=java.base/java.lang.invoke=ALL-UNNAMED --add-opens=java.base/java.lang.reflect=ALL-UNNAMED --add-opens=java.base/java.io=ALL-UNNAMED --add-opens=java.base/java.net=ALL-UNNAMED --add-opens=java.base/java.nio=ALL-UNNAMED --add-opens=java.base/java.util=ALL-UNNAMED --add-opens=java.base/java.util.concurrent=ALL-UNNAMED --add-opens=java.base/java.util.concurrent.atomic=ALL-UNNAMED --add-opens=java.base/jdk.internal.ref=ALL-UNNAMED --add-opens=java.base/sun.nio.ch=ALL-UNNAMED --add-opens=java.base/sun.nio.cs=ALL-UNNAMED --add-opens=java.base/sun.security.action=ALL-UNNAMED --add-opens=java.base/sun.util.calendar=ALL-UNNAMED --add-opens=java.security.jgss/sun.security.krb5=ALL-UNNAMED -Dio.netty.tryReflectionSetAccessible=true -Dio.netty.allocator.type=pooled -Dio.netty.handler.ssl.defaultEndpointVerificationAlgorithm=NONE --sun-misc-unsafe-memory-access=allow --enable-native-access=ALL-UNNAMED -Dderby.connection.requireAuthentication=false 
java_command: org.apache.spark.deploy.SparkSubmit --conf spark.app.name=NetworkActivityIngestion pyspark-shell
java_class_path (initial): C:\Users\aniruddh.singh\AppData\Local\Python\pythoncore-3.14-64\Lib\site-packages\pyspark\bin\..\conf;C:\Users\aniruddh.singh\AppData\Local\Python\pythoncore-3.14-64\Lib\site-packages\pyspark\bin\..\jars\slf4j-api-2.0.17.jar;C:\Users\aniruddh.singh\AppData\Local\Python\pythoncore-3.14-64\Lib\site-packages\pyspark\bin\..\jars\aircompressor-2.0.3.jar;C:\Users\aniruddh.singh\AppData\Local\Python\pythoncore-3.14-64\Lib\site-packages\pyspark\bin\..\jars\algebra_2.13-2.8.0.jar;C:\Users\aniruddh.singh\AppData\Local\Python\pythoncore-3.14-64\Lib\site-packages\pyspark\bin\..\jars\antlr-runtime-3.5.2.jar;C:\Users\aniruddh.singh\AppData\Local\Python\pythoncore-3.14-64\Lib\site-packages\pyspark\bin\..\jars\antlr4-runtime-4.13.1.jar;C:\Users\aniruddh.singh\AppData\Local\Python\pythoncore-3.14-64\Lib\site-packages\pyspark\bin\..\jars\aopalliance-repackaged-3.0.6.jar;C:\Users\aniruddh.singh\AppData\Local\Python\pythoncore-3.14-64\Lib\site-packages\pyspark\bin\..\jars\arpack-3.2.0.jar;C:\Users\aniruddh.singh\AppData\Local\Python\pythoncore-3.14-64\Lib\site-packages\pyspark\bin\..\jars\arpack_combined_all-0.1.jar;C:\Users\aniruddh.singh\AppData\Local\Python\pythoncore-3.14-64\Lib\site-packages\pyspark\bin\..\jars\arrow-compression-19.0.0.jar;C:\Users\aniruddh.singh\AppData\Local\Python\pythoncore-3.14-64\Lib\site-packages\pyspark\bin\..\jars\arrow-format-19.0.0.jar;C:\Users\aniruddh.singh\AppData\Local\Python\pythoncore-3.14-64\Lib\site-packages\pyspark\bin\..\jars\arrow-memory-core-19.0.0.jar;C:\Users\aniruddh.singh\AppData\Local\Python\pythoncore-3.14-64\Lib\site-packages\pyspark\bin\..\jars\arrow-memory-netty-19.0.0.jar;C:\Users\aniruddh.singh\AppData\Local\Python\pythoncore-3.14-64\Lib\site-packages\pyspark\bin\..\jars\arrow-memory-netty-buffer-patch-19.0.0.jar;C:\Users\aniruddh.singh\AppData\Local\Python\pythoncore-3.14-64\Lib\site-packages\pyspark\bin\..\jars\arrow-vector-19.0.0.jar;C:\Users\aniruddh.singh\AppData\Local\Python\pythoncore-3.14-64\Li
Launcher Type: SUN_STANDARD

[Global flags]
     intx CICompilerCount                          = 4                                         {product} {ergonomic}
     uint ConcGCThreads                            = 3                                         {product} {ergonomic}
     uint G1ConcRefinementThreads                  = 11                                        {product} {ergonomic}
   size_t G1HeapRegionSize                         = 1048576                                   {product} {ergonomic}
    uintx GCDrainStackTargetSize                   = 64                                        {product} {ergonomic}
     bool IgnoreUnrecognizedVMOptions              = true                                      {product} {command line}
   size_t InitialHeapSize                          = 260046848                                 {product} {ergonomic}
   size_t MarkStackSize                            = 4194304                                   {product} {ergonomic}
   size_t MaxHeapSize                              = 1073741824                                {product} {command line}
   size_t MaxNewSize                               = 643825664                                 {product} {ergonomic}
   size_t MinHeapDeltaBytes                        = 1048576                                   {product} {ergonomic}
   size_t MinHeapSize                              = 8388608                                   {product} {ergonomic}
    uintx NonNMethodCodeHeapSize                   = 5839372                                {pd product} {ergonomic}
    uintx NonProfiledCodeHeapSize                  = 122909434                              {pd product} {ergonomic}
    uintx ProfiledCodeHeapSize                     = 122909434                              {pd product} {ergonomic}
    uintx ReservedCodeCacheSize                    = 251658240                              {pd product} {ergonomic}
     bool SegmentedCodeCache                       = true                                      {product} {ergonomic}
   size_t SoftMaxHeapSize                          = 1073741824                             {manageable} {ergonomic}
     bool UseCompressedClassPointers               = true                           {product lp64_product} {ergonomic}
     bool UseCompressedOops                        = true                           {product lp64_product} {ergonomic}
     bool UseG1GC                                  = true                                      {product} {ergonomic}
     bool UseLargePagesIndividualAllocation        = false                                  {pd product} {ergonomic}

Logging:
Log output configuration:
 #0: stdout all=warning uptime,level,tags
 #1: stderr all=off uptime,level,tags

Environment Variables:
JAVA_HOME=C:\Program Files\Java\jdk-17
PATH=c:\Users\aniruddh.singh\AppData\Roaming\Code\User\globalStorage\github.copilot-chat\debugCommand;c:\Users\aniruddh.singh\AppData\Roaming\Code\User\globalStorage\github.copilot-chat\copilotCli;C:\Program Files\Common Files\Oracle\Java\javapath;C:\WINDOWS\system32;C:\WINDOWS;C:\WINDOWS\System32\Wbem;C:\WINDOWS\System32\WindowsPowerShell\v1.0\;C:\WINDOWS\System32\OpenSSH\;C:\Program Files\Java\jdk-17\bin;C:\Program Files\nodejs\;C:\Program Files\Amazon\AWSCLIV2\;C:\Program Files\Git\cmd;C:\Users\aniruddh.singh\AppData\Local\Programs\Python\Python311\Scripts\;C:\Users\aniruddh.singh\AppData\Local\Programs\Python\Python311\;C:\Users\aniruddh.singh\AppData\Local\Microsoft\WindowsApps;C:\Users\aniruddh.singh\AppData\Local\Programs\Microsoft VS Code\bin;c:\Users\aniruddh.singh\.vscode\extensions\ms-python.debugpy-2026.6.0-win32-x64\bundled\scripts\noConfigScripts;C:\hadoop\hadoop-3.3.6\bin
USERNAME=aniruddh.singh
LANG=en_US.UTF-8
OS=Windows_NT
PROCESSOR_IDENTIFIER=Intel64 Family 6 Model 181 Stepping 0, GenuineIntel



---------------  S Y S T E M  ---------------

OS:
 Windows 11 , 64 bit Build 26100 (10.0.26100.9168)
OS uptime: 0 days 5:53 hours
Hyper-V role detected

CPU: total 14 (initial active 14) (7 cores per cpu, 2 threads per core) family 6 model 181 stepping 0 microcode 0xd, cx8, cmov, fxsr, ht, mmx, 3dnowpref, sse, sse2, sse3, ssse3, sse4.1, sse4.2, popcnt, lzcnt, tsc, tscinvbit, avx, avx2, aes, erms, clmul, bmi1, bmi2, adx, sha, fma, vzeroupper, clflush, clflushopt, clwb, hv

Memory: 4k page, system-wide physical 15804M (3789M free)
TotalPageFile size 22204M (AvailPageFile size 2640M)
current process WorkingSet (physical memory assigned to process): 1515M, peak: 1524M
current process commit charge ("private bytes"): 1572M, peak: 1580M

vm_info: Java HotSpot(TM) 64-Bit Server VM (17.0.12+8-LTS-286) for windows-amd64 JRE (17.0.12+8-LTS-286), built on Jun  5 2024 06:46:59 by "mach5one" with MS VC++ 17.6 (VS2022)

END.
